1231	0	1	G	G	0	0	0	0
1232	0	1	C	C	0	0	0	0
1233	0	3	T	T	0	0	0	0
1234	0.3333333333333333	3	C	G	0.3333333333333333	0	0	0
1235	0	5	C	C	0	0	0	0
1236	0.07142857142857142	14	A	G	0.07142857142857142	0	0	0
1237	0.00029197080291970805	3425	G	D	0.00029197080291970805	0	0	0
1238	0	3529	G	G	0	0	0	0
1239	0	3561	G	G	0	0	0	0
1240	0.0008422234699606962	3562	C	A	0.0005614823133071309	0.002807411566535654	1	10
1241	0.008575380359612726	3615	A	G	0.004426002766251729	0	0	0
1242	0.001369487811558477	3651	A	G	0.001369487811558477	0	0	0
1243	0.0016424856282507528	3653	A	C	0.0016424856282507528	0.0024637284423761293	1	9
1244	0.0049261083743842365	3654	C	A	0.0019157088122605363	0.0002736726874657909	1	1
1245	0.0049113233287858115	3665	T	D	0.0024556616643929058	0.010368349249658937	1	38
1246	0.014188267394270123	3665	G	D	0.012551159618008186	0	0	0
1247	0.004090537223888737	3667	G	D	0.001636214889555495	0.0019089173711480775	1	7
1248	0.03353326063249727	3668	A	D	0.020174482006543076	0	0	0
1249	0.0027233115468409588	3672	A	D	0.0013616557734204794	0	0	0
1250	0.0029956427015250544	3672	A	G	0.0013616557734204794	0.0002723311546840959	1	1
1251	0.024509803921568627	3672	G	T	0.01252723311546841	0.0010893246187363835	1	4
1252	0.002177463255307567	3674	A	D	0.001633097441480675	0.0029940119760479044	3	11
1253	0.0024489795918367346	3675	T	C	0.0016326530612244899	0.0013605442176870747	3	5
1254	0.004081632653061225	3675	T	C	0.0038095238095238095	0.0008163265306122449	2	3
1255	0.011697497279651796	3676	G	D	0.005984766050054407	0.0013601741022850925	1	5
1256	0.00544069640914037	3676	C	D	0.0024483133841131663	0.0008161044613710555	1	3
1257	0.008433079434167573	3676	T	C	0.005712731229597388	0.001632208922742111	1	6
1258	0.020402611534276388	3676	G	C	0.013601741022850925	0.0002720348204570185	1	1
1259	0.0027188689505165853	3678	A	D	0.0019032082653616096	0.001087547580206634	1	4
1260	0.004622077215878194	3678	T	D	0.0019032082653616096	0	0	0
1261	0.0032626427406199023	3678	T	G	0.0016313213703099511	0.000543773790103317	3	2
1262	0.001087547580206634	3678	A	D	0.0008156606851549756	0.000543773790103317	5	2
1263	0.006253398586188146	3678	T	G	0.005165851005981512	0.0019032082653616096	1	7
1264	0.0027188689505165853	3678	A	C	0.002175095160413268	0.000543773790103317	3	2
1265	0.0008156606851549756	3678	A	G	0.000543773790103317	0.000543773790103317	1	2
1266	0.0024469820554649264	3678	T	C	0.0019032082653616096	0.0016313213703099511	1	6
1267	0.005981511691136488	3678	T	G	0.004078303425774877	0.000543773790103317	1	2
1268	0.0024469820554649264	3678	A	C	0.0016313213703099511	0.001087547580206634	1	4
1269	0.0038064165307232192	3678	T	G	0.0024469820554649264	0.0013594344752582926	1	5
1270	0.005165851005981512	3678	A	D	0.002175095160413268	0.0016313213703099511	1	6
1271	0.0038064165307232192	3678	A	C	0.002175095160413268	0.0002718868950516585	1	1
1272	0.0027188689505165853	3678	A	G	0.0013594344752582926	0.000543773790103317	1	2
1273	0.001087547580206634	3678	T	D	0.000543773790103317	0	0	0
1274	0.0008156606851549756	3678	T	D	0.0002718868950516585	0.000543773790103317	1	2
1275	0.0024469820554649264	3678	A	G	0.0013594344752582926	0.0016313213703099511	1	6
1276	0.0065252854812398045	3678	C	D	0.004350190320826536	0.0002718868950516585	1	1
1277	0.0027188689505165853	3678	C	G	0.0019032082653616096	0.0008156606851549756	1	3
1278	0.001087547580206634	3678	A	G	0.0008156606851549756	0.000543773790103317	1	2
1279	0.004350190320826536	3678	G	T	0.002990755845568244	0.002175095160413268	2	8
1280	0.0010872519706441968	3679	A	D	0.0008154389779831476	0.0005436259853220984	1	2
1281	0.001359064963305246	3679	T	C	0.0008154389779831476	0.0002718129926610492	1	1
1282	0.0062516988312041315	3679	G	C	0.0035335689045936395	0.0002718129926610492	1	1
1283	0.002446316933949443	3679	A	D	0.0010872519706441968	0.0005436259853220984	1	2
1284	0.029355803207393314	3679	T	D	0.02718129926610492	0	0	0
1285	0.0010872519706441968	3679	T	D	0.0005436259853220984	0.0002718129926610492	2	1
1286	0.0016308779559662953	3679	T	C	0.0010872519706441968	0.0002718129926610492	2	1
1287	0.0062516988312041315	3679	T	D	0.002718129926610492	0.007067137809187279	1	26
1288	0.007882576787170427	3679	A	D	0.0051644468605599346	0.0002718129926610492	1	1
1289	0.0038053818972546886	3679	C	D	0.0035335689045936395	0.0002718129926610492	1	1
1290	0.00679532481652623	3679	A	D	0.0057080728458820335	0.0005436259853220984	1	2
1291	0.0038053818972546886	3679	G	D	0.002989942919271541	0.0002718129926610492	3	1
1292	0.0021745039412883935	3679	G	D	0.0010872519706441968	0.005436259853220984	3	20
1293	0.0021745039412883935	3679	C	D	0.001359064963305246	0	0	0
1294	0.005979885838543082	3679	T	A	0.0038053818972546886	0.0002718129926610492	1	1
1295	0.0073389508018483285	3679	G	A	0.004349007882576787	0.0005436259853220984	1	2
1296	0.006523511823865181	3679	C	T	0.002446316933949443	0.0019026909486273443	1	7
1297	0.0062516988312041315	3679	G	D	0.004349007882576787	0.0016308779559662953	1	6
1298	0.0073389508018483285	3679	T	D	0.0051644468605599346	0.0005436259853220984	2	2
1299	0.002718129926610492	3679	T	C	0.0021745039412883935	0.0008154389779831476	2	3
1300	0.0005436259853220984	3679	A	D	0.0005436259853220984	0.0005436259853220984	3	2
1301	0.0016308779559662953	3679	T	C	0.0008154389779831476	0.001359064963305246	2	5
1302	0.004892633867898886	3679	A	D	0.002718129926610492	0.0002718129926610492	1	1
1303	0.009513454743136722	3679	G	A	0.0046208208752378365	0.0010872519706441968	1	4
1304	0.004892633867898886	3679	C	T	0.002718129926610492	0.0016308779559662953	1	6
1305	0.039956509921174235	3679	T	D	0.03696656700190269	0.0002718129926610492	2	1
1306	0.03125849415602066	3679	T	D	0.025822234302799674	0.0019026909486273443	1	7
1307	0.04946996466431095	3679	G	D	0.03397662408263115	0.0016308779559662953	1	6
1308	0.05001359064963305	3679	G	A	0.03968469692851318	0.001359064963305246	2	5
1309	0.0038053818972546886	3679	A	D	0.0032617559119325905	0.0019026909486273443	3	7
1310	0.008969828757814623	3679	A	G	0.0035335689045936395	0.002446316933949443	1	9
1311	0.05110084262027725	3679	T	A	0.039956509921174235	0.002718129926610492	2	10
1312	0.013047023647730362	3679	T	D	0.0051644468605599346	0.002446316933949443	1	9
1313	0.08100027181299266	3679	C	A	0.05055721663495515	0.002446316933949443	1	9
1314	0.008154389779831475	3679	T	A	0.0038053818972546886	0.01331883664039141	3	49
1315	0.02690948627344387	3679	A	D	0.02446316933949443	0.0010872519706441968	3	4
1316	0.01060070671378092	3679	A	D	0.00679532481652623	0.0019026909486273443	1	7
1317	0.019298722478934494	3679	C	D	0.008426202772492526	0	0	0
1318	0.0176678445229682	3679	A	D	0.008154389779831475	0.002989942919271541	1	11
1319	0.006523511823865181	3679	A	G	0.0038053818972546886	0.007610763794509377	1	28
1320	0.01685240554498505	3679	G	T	0.01060070671378092	0	0	0
1321	0.00842391304347826	3680	C	T	0.004076086956521739	0.0002717391304347826	1	1
1322	0.010054347826086956	3680	T	D	0.007880434782608695	0.0005434782608695652	1	2
1323	0.00625	3680	T	D	0.0024456521739130437	0	0	0
1324	0.019293478260869565	3680	G	T	0.005978260869565218	0.0019021739130434783	1	7
1325	0.0005434782608695652	3680	A	D	0.0002717391304347826	0.0005434782608695652	3	2
1326	0.004076086956521739	3680	T	D	0.0019021739130434783	0.006793478260869565	2	25
1327	0.002173913043478261	3680	T	D	0.0008152173913043478	0.0010869565217391304	2	4
1328	0.011684782608695652	3680	C	D	0.005163043478260869	0.005706521739130435	1	21
1329	0.008695652173913044	3680	T	D	0.006793478260869565	0.004619565217391305	2	17
1330	0.010326086956521738	3680	A	D	0.008152173913043478	0.0008152173913043478	1	3
1331	0.0024456521739130437	3680	A	D	0.0019021739130434783	0	0	0
1332	0.006521739130434782	3680	G	D	0.004076086956521739	0.004076086956521739	1	15
1333	0.007880434782608695	3680	C	G	0.005978260869565218	0.0002717391304347826	1	1
1334	0.17309782608695654	3680	C	A	0.16141304347826088	0	0	0
1335	0.00842391304347826	3680	T	A	0.0038043478260869567	0.0002717391304347826	2	1
1336	0.016304347826086956	3680	A	C	0.010326086956521738	0.0002717391304347826	1	1
1337	0.013043478260869565	3680	G	A	0.010326086956521738	0	0	0
1338	0.002717391304347826	3680	T	G	0.0008152173913043478	0.0008152173913043478	1	3
1339	0.0016304347826086956	3680	G	D	0.0008152173913043478	0	0	0
1340	0.002173913043478261	3680	G	A	0.0010869565217391304	0.0005434782608695652	1	2
1341	0.002173913043478261	3680	T	D	0.001358695652173913	0.001358695652173913	1	5
1342	0.004347826086956522	3680	A	D	0.0019021739130434783	0.0010869565217391304	1	4
1343	0.004076086956521739	3680	A	G	0.0024456521739130437	0.0008152173913043478	1	3
1344	0.004076086956521739	3680	T	C	0.0024456521739130437	0.0016304347826086956	2	6
1345	0.007880434782608695	3680	T	G	0.003532608695652174	0.0038043478260869567	3	14
1346	0.007336956521739131	3680	A	C	0.00625	0.0010869565217391304	1	4
1347	0.005434782608695652	3680	T	G	0.002173913043478261	0.005434782608695652	2	20
1348	0.1654891304347826	3680	A	G	0.1641304347826087	0.0002717391304347826	1	1
1349	0.004891304347826087	3680	A	T	0.0019021739130434783	0.0010869565217391304	1	4
1350	0.002989130434782609	3680	T	C	0.0016304347826086956	0	0	0
1351	0.003532608695652174	3680	T	G	0.002173913043478261	0.0010869565217391304	2	4
1352	0.0038043478260869567	3680	A	D	0.002989130434782609	0.001358695652173913	1	5
1353	0.012771739130434783	3680	C	D	0.007608695652173913	0.0002717391304347826	1	1
1354	0.1641304347826087	3680	C	T	0.1595108695652174	0.0019021739130434783	2	7
1355	0.22418478260869565	3680	T	G	0.2125	0.007336956521739131	1	27
1356	0.00842391304347826	3680	G	D	0.004619565217391305	0.005434782608695652	1	20
1357	0.00625	3680	T	D	0.0024456521739130437	0.0010869565217391304	1	4
1358	0.005434782608695652	3680	A	G	0.002173913043478261	0.0024456521739130437	1	9
1359	0.00625	3680	T	A	0.002717391304347826	0.011141304347826087	1	41
1360	0.012768269491985873	3681	A	D	0.009779951100244499	0.0013583265417006249	5	5
1361	0.02689486552567237	3681	G	A	0.010051616408584624	0.002988318391741375	1	11
1362	0.0057049714751426246	3681	A	D	0.004889975550122249	0.00597663678348275	1	22
1363	0.010051616408584624	3681	T	D	0.0057049714751426246	0.0035316490084216245	1	13
1364	0.095626188535724	3681	T	C	0.08611790274381961	0.0024449877750611247	1	9
1365	0.3547948926922032	3681	G	T	0.3156750882912252	0.0008149959250203749	1	3
1366	0.33061668024993207	3681	T	C	0.3154034229828851	0.0019016571583808748	1	7
1367	0.018201575658788372	3681	T	C	0.016843249117087747	0.0008149959250203749	3	3
1368	0.3232817169247487	3681	T	A	0.28796522684053244	0.007063298016843249	1	26
1369	0.007606628633523499	3681	A	C	0.004889975550122249	0.0021733224667209996	1	8
1370	0.013311600108666123	3681	G	A	0.007334963325183374	0.0008149959250203749	2	3
1371	0.008149959250203748	3681	G	A	0.0027166530834012497	0.0057049714751426246	1	21
1372	0.016571583808747622	3681	A	D	0.012768269491985873	0.00027166530834012495	3	1
1373	0.0035316490084216245	3681	A	D	0.0016299918500407497	0.0021733224667209996	1	8
1374	0.013854930725346373	3681	G	D	0.006248302091822874	0.004889975550122249	1	18
1375	0.007063298016843249	3681	T	D	0.005161640858462374	0.0032599837000814994	1	12
1376	0.027709861450692746	3681	C	G	0.009779951100244499	0.008964955175224124	1	33
1377	0.006248302091822874	3681	T	D	0.0032599837000814994	0.011409942950285249	2	42
1378	0.023906547133931	3681	A	D	0.0119532735669655	0.004074979625101874	1	15
1379	0.007878293941863623	3681	A	G	0.0057049714751426246	0.0057049714751426246	1	21
1380	0.2023906547133931	3681	G	A	0.16761749524585712	0.0005433306166802499	1	2
1381	0.03504482477587612	3681	C	T	0.017114914425427872	0.0013583265417006249	1	5
1382	0.0027159152634437804	3682	T	D	0.0016295491580662683	0.0005431830526887561	1	2
1383	0.019011406844106463	3682	C	T	0.011135252580119501	0.0010863661053775121	1	4
1384	0.0008147745790331341	3682	A	D	0.0005431830526887561	0	0	0
1385	0.00027159152634437803	3682	A	G	0.00027159152634437803	0.00027159152634437803	1	1
1386	0.00027159152634437803	3682	A	G	0.00027159152634437803	0.0005431830526887561	1	2
1387	0.0016295491580662683	3682	C	D	0.0005431830526887561	0.0005431830526887561	1	2
1388	0.0019011406844106464	3682	C	T	0.0013579576317218902	0.0024443237370994023	1	9
1389	0.0019011406844106464	3682	T	C	0.0010863661053775121	0.0005431830526887561	4	2
1390	0.0005431830526887561	3682	T	D	0.00027159152634437803	0	0	0
1391	0.0005431830526887561	3682	T	G	0.00027159152634437803	0.0005431830526887561	1	2
1392	0.0005431830526887561	3682	T	D	0.0005431830526887561	0.0062466051059206955	2	23
1393	0.13416621401412276	3682	G	D	0.13063552417164584	0.0027159152634437804	1	10
1394	0.13280825638240087	3682	A	D	0.13036393264530147	0	0	0
1395	0.009234111895708854	3682	G	D	0.007061379684953829	0.007332971211298208	1	27
1396	0.004617055947854427	3682	A	D	0.0043454644215100485	0	0	0
1397	0.007061379684953829	3682	G	D	0.004073872895165671	0.0019011406844106464	1	7
1398	0.0024443237370994023	3682	A	D	0.0016295491580662683	0	0	0
1399	0.00977729494839761	3682	G	D	0.005160239000543183	0	0	0
1400	0.010592069527430744	3682	A	D	0.009505703422053232	0.00027159152634437803	1	1
1401	0.005975013579576317	3682	T	D	0.004073872895165671	0	0	0
1402	0.0027159152634437804	3682	A	D	0.0013579576317218902	0	0	0
1403	0.010592069527430744	3682	T	D	0.006518196632265073	0.0005431830526887561	1	2
1404	0.0029875067897881585	3682	T	D	0.0016295491580662683	0	0	0
1405	0.0024443237370994023	3682	T	C	0.0021727322107550242	0.0019011406844106464	2	7
1406	0.008147745790331342	3682	C	G	0.0038022813688212928	0.0024443237370994023	1	9
1407	0.005703422053231939	3682	A	G	0.0035306898424769147	0.00027159152634437803	1	1
1408	0.0035306898424769147	3682	A	G	0.0016295491580662683	0.004888647474198805	1	18
1409	0.008962520369364476	3682	C	D	0.0038022813688212928	0.0032590983161325366	1	12
1410	0.004617055947854427	3682	T	G	0.0021727322107550242	0.008147745790331342	1	30
1411	0.048614883215643674	3682	G	A	0.02797392721347094	0.012221618685497012	1	45
1412	0.0062466051059206955	3682	A	D	0.0043454644215100485	0.0008147745790331341	3	3
1413	0.0016295491580662683	3682	A	D	0.0013579576317218902	0.0016295491580662683	4	6
1414	0.008962520369364476	3682	A	G	0.004888647474198805	0.0035306898424769147	2	13
1415	0.015209125475285171	3682	T	D	0.011678435632808256	0.0019011406844106464	1	7
1416	0.018468223791417708	3682	C	D	0.009505703422053232	0.008690928843020097	1	32
1417	0.005160239000543183	3682	T	D	0.0032590983161325366	0.004073872895165671	3	15
1418	0.009505703422053232	3682	A	C	0.0038022813688212928	0.0010863661053775121	3	4
1419	0.0032590983161325366	3682	T	D	0.0019011406844106464	0.0019011406844106464	1	7
1420	0.017653449212384573	3682	C	D	0.010048886474741989	0.0008147745790331341	1	3
1421	0.0076045627376425855	3682	A	D	0.004888647474198805	0.0005431830526887561	1	2
1422	0.006518196632265073	3682	G	D	0.005431830526887561	0.0005431830526887561	1	2
1423	0.0062466051059206955	3682	G	D	0.004073872895165671	0.0013579576317218902	1	5
1424	0.2191743617599131	3682	C	T	0.20831070070613797	0.0016295491580662683	1	6
1425	0.035578489951113526	3682	C	D	0.011135252580119501	0.0038022813688212928	1	14
1426	0.03802281368821293	3682	G	A	0.017653449212384573	0.0016295491580662683	1	6
1427	0.016295491580662683	3682	G	A	0.010320478001086366	0.0005431830526887561	3	2
1428	0.009505703422053232	3682	T	D	0.004888647474198805	0.0062466051059206955	2	23
1429	0.0029875067897881585	3682	A	D	0.0016295491580662683	0.0005431830526887561	1	2
1430	0.029060293318848452	3682	A	D	0.013851167843563281	0.0010863661053775121	2	4
1431	0.028245518739815317	3682	C	A	0.011950027159152634	0.0005431830526887561	3	2
1432	0.0062466051059206955	3682	A	G	0.0043454644215100485	0.0008147745790331341	2	3
1433	0.30744160782183594	3682	A	G	0.2957631721890277	0.0005431830526887561	4	2
1434	0.0032590983161325366	3682	A	T	0.0013579576317218902	0.0016295491580662683	1	6
1435	0.0043454644215100485	3682	C	T	0.0013579576317218902	0.0021727322107550242	1	8
1436	0.005160239000543183	3682	C	D	0.0021727322107550242	0.026344378055404672	1	97
1437	0.004617055947854427	3682	T	D	0.004073872895165671	0.0008147745790331341	2	3
1438	0.0035306898424769147	3682	T	D	0.0021727322107550242	0.0008147745790331341	1	3
1439	0.0038022813688212928	3682	G	D	0.0019011406844106464	0.00027159152634437803	1	1
1440	0.004073872895165671	3682	T	A	0.0021727322107550242	0.0024443237370994023	1	9
1441	0.0024443237370994023	3682	A	D	0.0024443237370994023	0.00027159152634437803	3	1
1442	0.0021727322107550242	3682	A	D	0.0013579576317218902	0	0	0
1443	0.1548071700162955	3682	T	A	0.1512764801738186	0.0005431830526887561	1	2
1444	0.004617055947854427	3682	G	D	0.0029875067897881585	0	0	0
1445	0.0029875067897881585	3682	G	D	0.0027159152634437804	0	0	0
1446	0.1444866920152091	3682	T	D	0.143671917436176	0.00027159152634437803	1	1
1447	0.1510048886474742	3682	G	D	0.15046170559478544	0.00027159152634437803	1	1
1448	0.15236284627919608	3682	T	D	0.1512764801738186	0.0024443237370994023	1	9
1449	0.013036393264530146	3682	T	D	0.011135252580119501	0.00027159152634437803	1	1
1450	0.15752308527973927	3682	G	A	0.14177077675176533	0.0027159152634437804	1	10
1451	0.1632265073329712	3682	C	A	0.1474741988049973	0.0008147745790331341	1	3
1452	0.004073872895165671	3682	A	D	0.0024443237370994023	0	0	0
1453	0.004888647474198805	3682	G	D	0.0032590983161325366	0.0016295491580662683	2	6
1454	0.0043454644215100485	3682	G	D	0.0021727322107550242	0.0016295491580662683	1	6
1455	0.010592069527430744	3682	T	D	0.006789788158609452	0.015752308527973928	1	58
1456	0.014394350896252036	3682	C	T	0.008690928843020097	0.0013579576317218902	1	5
1457	0.031776208582292235	3682	C	T	0.025258011950027158	0.0005431830526887561	1	2
1458	0.026615969581749048	3682	T	G	0.019282998370450843	0.0008147745790331341	2	3
1459	0.012764801738185769	3682	A	G	0.005703422053231939	0.0005431830526887561	1	2
1460	0.005703422053231939	3682	A	C	0.0021727322107550242	0.0027159152634437804	1	10
1461	0.007332971211298208	3682	T	D	0.005431830526887561	0.0019011406844106464	1	7
1462	0.015752308527973928	3682	T	D	0.008147745790331342	0.0019011406844106464	1	7
1463	0.010863661053775122	3682	G	D	0.007061379684953829	0.0021727322107550242	1	8
1464	0.014665942422596416	3682	T	D	0.00841933731667572	0.0005431830526887561	1	2
1465	0.0062466051059206955	3682	T	D	0.005703422053231939	0.0013579576317218902	1	5
1466	0.022270505160239002	3682	A	D	0.015209125475285171	0.0005431830526887561	1	2
1467	0.02091254752851711	3682	C	D	0.011135252580119501	0.00027159152634437803	1	1
1468	0.013307984790874524	3682	T	D	0.00977729494839761	0.0021727322107550242	1	8
1469	0.17653449212384573	3682	C	T	0.1719174361759913	0.005431830526887561	2	20
1470	0.0038012489818083084	3683	T	C	0.001629106706489275	0.00027151778441487917	3	1
1471	0.002986695628563671	3683	C	D	0.0019006244909041542	0.0005430355688297583	3	2
1472	0.0008145533532446375	3683	C	T	0.0005430355688297583	0.010317675807765408	1	38
1473	0.03964159652457236	3683	T	D	0.03638338311159381	0	0	0
1474	0.0038012489818083084	3683	T	D	0.002986695628563671	0.001629106706489275	6	6
1475	0.008960086885691013	3683	T	D	0.0038012489818083084	0.0024436600597339125	1	9
1476	0.007330980179201738	3683	A	D	0.004344284550638067	0.0019006244909041542	1	7
1477	0.00977464023893565	3683	C	D	0.005158837903882704	0.0038012489818083084	1	14
1478	0.0325821341297855	3683	A	T	0.02633722508824328	0.0019006244909041542	2	7
1479	0.0019006244909041542	3683	A	G	0.0008145533532446375	0.0035297311973934292	1	13
1480	0.0013583265417006249	3681	T	D	0.0005433306166802499	0.002988318391741375	5	11
1481	0.012224938875305624	3681	C	G	0.004889975550122249	0.00027166530834012495	2	1
1482	0.006248302091822874	3681	A	G	0.004618310241782124	0.002988318391741375	1	11
1483	0.006248302091822874	3681	T	G	0.0038033143167617496	0.0008149959250203749	1	3
1484	0.006519967400162999	3681	A	C	0.0021733224667209996	0.006519967400162999	1	24
1485	0.0019016571583808748	3681	T	D	0.0008149959250203749	0.002988318391741375	1	11
1486	0.010866612333604999	3681	G	C	0.006791632708503124	0.0027166530834012497	1	10
1487	0.006519967400162999	3681	G	A	0.004074979625101874	0.0019016571583808748	3	7
1488	0.010866612333604999	3681	T	A	0.005161640858462374	0	0	0
1489	0.007606628633523499	3681	T	C	0.0054333061668024995	0.00027166530834012495	2	1
1490	0.0035316490084216245	3681	T	A	0.0019016571583808748	0.004346644933441999	1	16
1491	0.017658245042108122	3681	C	D	0.012768269491985873	0.0035316490084216245	3	13
1492	0.027709861450692746	3681	C	T	0.018744906275468622	0.06927465362673187	1	255
1493	0.05270306981798424	3681	G	A	0.026079869600651995	0.0035316490084216245	1	13
1494	0.020646563433849498	3681	A	G	0.017658245042108122	0.0010866612333604998	1	4
1495	0.038033143167617495	3681	C	A	0.017929910350448247	0.00027166530834012495	4	1
1496	0.026079869600651995	3681	C	T	0.024178212442271124	0.0024449877750611247	1	9
1497	0.05215973920130399	3681	C	G	0.045639771801140996	0.004618310241782124	1	17
1498	0.0024449877750611247	3681	A	G	0.0016299918500407497	0.0016299918500407497	2	6
1499	0.0032599837000814994	3681	C	T	0.0024449877750611247	0.006791632708503124	1	25
1500	0.004346644933441999	3681	T	G	0.0024449877750611247	0.0021733224667209996	1	8
1501	0.027709861450692746	3681	T	D	0.017114914425427872	0.0005433306166802499	3	2
1502	0.007063298016843249	3681	A	C	0.0057049714751426246	0	0	0
1503	0.009508285791904374	3681	T	C	0.008421624558543873	0.0021733224667209996	1	8
1504	0.004346644933441999	3681	G	C	0.0019016571583808748	0	0	0
1505	0.0054333061668024995	3681	G	D	0.004618310241782124	0.0008149959250203749	2	3
1506	0.010594947025264874	3681	T	D	0.007334963325183374	0	0	0
1507	0.006791632708503124	3681	G	D	0.0024449877750611247	0.0008149959250203749	4	3
1508	0.00597663678348275	3681	T	C	0.002988318391741375	0.0008149959250203749	1	3
1509	0.009779951100244499	3681	T	C	0.007606628633523499	0.002988318391741375	1	11
1510	0.012768269491985873	3681	G	A	0.008149959250203748	0.0010866612333604998	1	4
1511	0.005161640858462374	3681	G	A	0.002988318391741375	0.0005433306166802499	3	2
1512	0.00597663678348275	3681	T	C	0.0038033143167617496	0.0016299918500407497	2	6
1513	0.012768269491985873	3681	C	T	0.0057049714751426246	0.0010866612333604998	1	4
1514	0.0019016571583808748	3681	A	D	0.0010866612333604998	0.0005433306166802499	1	2
1515	0.0021733224667209996	3681	C	D	0.0008149959250203749	0.0021733224667209996	1	8
1516	0.0038033143167617496	3681	C	T	0.0016299918500407497	0.0035316490084216245	3	13
1517	0.0054333061668024995	3681	A	G	0.0035316490084216245	0.0027166530834012497	1	10
1518	0.0008149959250203749	3681	A	C	0.0005433306166802499	0.00027166530834012495	1	1
1519	0.0008149959250203749	3681	C	T	0.0008149959250203749	0.0019016571583808748	1	7
1520	0.0027166530834012497	3681	C	G	0.0016299918500407497	0.0008149959250203749	1	3
1521	0.0013583265417006249	3681	A	G	0.0010866612333604998	0.0019016571583808748	1	7
1522	0.0013583265417006249	3681	T	G	0.0005433306166802499	0.0008149959250203749	1	3
1523	0.004889975550122249	3681	A	D	0.004346644933441999	0.0016299918500407497	1	6
1524	0.005161640858462374	3681	C	D	0.0024449877750611247	0.0010866612333604998	1	4
1525	0.0119532735669655	3681	A	D	0.010866612333604999	0.0005433306166802499	1	2
1526	0.016299918500407497	3681	G	D	0.014126596033686498	0.0013583265417006249	3	5
1527	0.014669926650366748	3681	A	D	0.014126596033686498	0	0	0
1528	0.017114914425427872	3681	G	D	0.01602825319206737	0.00027166530834012495	1	1
1529	0.018744906275468622	3681	T	D	0.016843249117087747	0.0024449877750611247	2	9
1530	0.008149959250203748	3681	A	C	0.0038033143167617496	0.0008149959250203749	1	3
1531	0.05840804129312687	3681	G	A	0.05596305351806574	0.0010866612333604998	1	4
1532	0.010866612333604999	3681	T	D	0.007063298016843249	0.002988318391741375	3	11
1533	0.0057049714751426246	3681	A	D	0.0021733224667209996	0.0013583265417006249	1	5
1534	0.009236620483564249	3681	G	D	0.00597663678348275	0.0027166530834012497	1	10
1535	0.004074979625101874	3681	T	D	0.0024449877750611247	0.0005433306166802499	1	2
1536	0.007878293941863623	3681	A	D	0.0032599837000814994	0.0019016571583808748	4	7
1537	0.017658245042108122	3681	C	T	0.010594947025264874	0.0016299918500407497	2	6
1538	0.008421624558543873	3681	T	D	0.004618310241782124	0.00027166530834012495	1	1
1539	0.002988318391741375	3681	T	D	0.0013583265417006249	0.0005433306166802499	1	2
1540	0.004346644933441999	3681	T	C	0.0024449877750611247	0.0013583265417006249	1	5
1541	0.0057049714751426246	3681	C	D	0.0024449877750611247	0.016571583808747622	1	61
1542	0.03069817984243412	3681	T	D	0.02689486552567237	0.0010866612333604998	1	4
1543	0.0038033143167617496	3681	T	D	0.002988318391741375	0.00027166530834012495	1	1
1544	0.0005433306166802499	3681	T	G	0.00027166530834012495	0.0008149959250203749	4	3
1545	0.002988318391741375	3681	T	C	0.002988318391741375	0.0054333061668024995	1	20
1546	0.014126596033686498	3681	G	C	0.004618310241782124	0.0019016571583808748	1	7
1547	0.0013583265417006249	3681	A	D	0.0010866612333604998	0.00027166530834012495	1	1
1548	0.0032599837000814994	3681	A	G	0.0024449877750611247	0.0016299918500407497	1	6
1549	0.005161640858462374	3681	C	T	0.0027166530834012497	0	0	0
1550	0.005161640858462374	3681	T	D	0.002988318391741375	0	0	0
1551	0.0005433306166802499	3681	T	D	0.00027166530834012495	0.0005433306166802499	1	2
1552	0.005161640858462374	3681	C	T	0.0021733224667209996	0.0019016571583808748	1	7
1553	0.006791632708503124	3681	T	G	0.0032599837000814994	0.0024449877750611247	1	9
1554	0.004889975550122249	3681	A	G	0.0027166530834012497	0.0021733224667209996	4	8
1555	0.0057049714751426246	3681	C	G	0.0038033143167617496	0.0005433306166802499	1	2
1556	0.0035316490084216245	3681	A	D	0.0019016571583808748	0.0019016571583808748	1	7
1557	0.0024456521739130437	3680	T	G	0.0016304347826086956	0.0019021739130434783	1	7
1558	0.0038043478260869567	3680	G	D	0.0019021739130434783	0.0008152173913043478	1	3
1559	0.004891304347826087	3680	C	D	0.002173913043478261	0.0005434782608695652	1	2
1560	0.0008152173913043478	3680	A	D	0.0005434782608695652	0.0002717391304347826	1	1
1561	0.11875	3680	C	A	0.07581521739130435	0.0010869565217391304	1	4
1562	0.004347826086956522	3680	C	D	0.002717391304347826	0.0019021739130434783	1	7
1563	0.004619565217391305	3680	A	D	0.0024456521739130437	0.0002717391304347826	2	1
1564	0.007608695652173913	3680	G	A	0.005163043478260869	0	0	0
1565	0.002989130434782609	3680	C	D	0.0024456521739130437	0.0005434782608695652	1	2
1566	0.0019021739130434783	3680	A	D	0.0016304347826086956	0.0002717391304347826	1	1
1567	0.001358695652173913	3680	A	D	0.0005434782608695652	0	0	0
1568	0.002173913043478261	3680	C	D	0.001358695652173913	0.0010869565217391304	1	4
1569	0.001358695652173913	3680	T	D	0.0008152173913043478	0.0002717391304347826	1	1
1570	0.0038043478260869567	3680	G	D	0.0010869565217391304	0.002173913043478261	1	8
1571	0.004076086956521739	3680	T	D	0.002173913043478261	0.0005434782608695652	3	2
1572	0.0019021739130434783	3680	T	D	0.0010869565217391304	0.0005434782608695652	1	2
1573	0.0010869565217391304	3680	T	D	0.0010869565217391304	0.0005434782608695652	1	2
1574	0.0038043478260869567	3680	G	A	0.001358695652173913	0.0016304347826086956	2	6
1575	0.0010869565217391304	3680	T	C	0.0008152173913043478	0.001358695652173913	1	5
1576	0.0038043478260869567	3680	G	D	0.0024456521739130437	0.0005434782608695652	1	2
1577	0.002717391304347826	3680	G	A	0.001358695652173913	0.0002717391304347826	1	1
1578	0.0008152173913043478	3680	A	T	0.0005434782608695652	0.0002717391304347826	1	1
1579	0.002717391304347826	3680	C	D	0.001358695652173913	0.001358695652173913	1	5
1580	0.002173913043478261	3680	C	T	0.0010869565217391304	0.001358695652173913	1	5
1581	0.003532608695652174	3680	T	D	0.003260869565217391	0.025	1	92
1582	0.05733695652173913	3680	A	D	0.05298913043478261	0	0	0
1583	0.014402173913043478	3680	A	D	0.013043478260869565	0	0	0
1584	0.005163043478260869	3680	A	D	0.003532608695652174	0.0005434782608695652	3	2
1585	0.003260869565217391	3680	A	G	0.0019021739130434783	0.0002717391304347826	1	1
1586	0.006521739130434782	3680	A	G	0.0024456521739130437	0.0002717391304347826	2	1
1587	0.012496604183645748	3681	G	C	0.004889975550122249	0.00597663678348275	2	22
1588	0.006519967400162999	3681	T	D	0.002988318391741375	0.0019016571583808748	1	7
1589	0.010866612333604999	3681	C	T	0.004618310241782124	0.007063298016843249	1	26
1590	0.010051616408584624	3681	T	D	0.006519967400162999	0.013039934800325998	1	48
1591	0.007334963325183374	3681	A	D	0.0054333061668024995	0.0013583265417006249	3	5
1592	0.01602825319206737	3681	C	T	0.010051616408584624	0.0008149959250203749	1	3
1593	0.012493210211841391	3682	T	G	0.008147745790331342	0.0016295491580662683	3	6
1594	0.00841933731667572	3682	A	G	0.004617055947854427	0	0	0
1595	0.00027159152634437803	3682	A	T	0.00027159152634437803	0.0008147745790331341	4	3
1596	0.0038022813688212928	3682	T	D	0.0029875067897881585	0.0008147745790331341	2	3
1597	0	3682	T	T	0	0.0005431830526887561	1	2
1598	0.0032590983161325366	3682	T	C	0.0013579576317218902	0.00027159152634437803	2	1
1599	0.00977729494839761	3682	G	C	0.0076045627376425855	0	0	0
1600	0.0029875067897881585	3682	G	A	0.0016295491580662683	0.0016295491580662683	1	6
1601	0.0021727322107550242	3682	T	C	0.0010863661053775121	0.0005431830526887561	1	2
1602	0.0010863661053775121	3682	T	G	0.0008147745790331341	0.0062466051059206955	1	23
1603	0.00841933731667572	3682	A	D	0.007876154263986964	0	0	0
1604	0.004073872895165671	3682	A	D	0.0027159152634437804	0.00027159152634437803	1	1
1605	0.0024443237370994023	3682	A	D	0.0016295491580662683	0	0	0
1606	0.0024443237370994023	3682	A	G	0.0019011406844106464	0	0	0
1607	0.0024443237370994023	3682	A	G	0.0016295491580662683	0.0005431830526887561	1	2
1608	0.0032590983161325366	3682	C	G	0.0016295491580662683	0.0005431830526887561	1	2
1609	0.004073872895165671	3682	A	G	0.0019011406844106464	0.0005431830526887561	1	2
1610	0.0016295491580662683	3682	A	G	0.0016295491580662683	0.0008147745790331341	1	3
1611	0.0005431830526887561	3682	A	D	0.00027159152634437803	0	0	0
1612	0.0008147745790331341	3682	T	D	0.0008147745790331341	0.0008147745790331341	1	3
1613	0.0027159152634437804	3682	G	A	0.0013579576317218902	0.00027159152634437803	1	1
1614	0.0029875067897881585	3682	T	D	0.0019011406844106464	0.00027159152634437803	1	1
1615	0.005431830526887561	3682	G	C	0.0035306898424769147	0.0005431830526887561	1	2
1616	0.0010863661053775121	3682	T	C	0.0005431830526887561	0.00027159152634437803	1	1
1617	0.004888647474198805	3682	C	D	0.0029875067897881585	0.00027159152634437803	1	1
1618	0.005431830526887561	3682	A	D	0.0027159152634437804	0.0005431830526887561	1	2
1619	0.0013579576317218902	3682	A	T	0.0008147745790331341	0.0005431830526887561	1	2
1620	0.0024443237370994023	3682	T	D	0.0010863661053775121	0	0	0
1621	0	3682	T	T	0	0	0	0
1622	0.0013579576317218902	3682	T	G	0.0005431830526887561	0.0013579576317218902	1	5
1623	0.0038022813688212928	3682	C	D	0.0013579576317218902	0.0008147745790331341	1	3
1624	0.0019011406844106464	3682	A	G	0.0010863661053775121	0.0005431830526887561	3	2
1625	0.0019011406844106464	3682	A	T	0.0008147745790331341	0.0010863661053775121	2	4
1626	0.0027159152634437804	3682	C	T	0.0016295491580662683	0.00027159152634437803	1	1
1627	0.0019011406844106464	3682	T	D	0.0008147745790331341	0	0	0
1628	0.0010863661053775121	3682	T	A	0.0005431830526887561	0	0	0
1629	0.0013579576317218902	3682	C	D	0.0008147745790331341	0.0008147745790331341	1	3
1630	0.0027159152634437804	3682	A	D	0.0010863661053775121	0.00027159152634437803	1	1
1631	0.0010863661053775121	3682	A	G	0.0008147745790331341	0.0008147745790331341	4	3
1632	0.0010863661053775121	3682	T	C	0.0010863661053775121	0.00027159152634437803	2	1
1633	0.005431830526887561	3682	G	C	0.0038022813688212928	0.00027159152634437803	3	1
1634	0.0016295491580662683	3682	G	A	0.0010863661053775121	0.0005431830526887561	3	2
1635	0.0021727322107550242	3682	T	G	0.0008147745790331341	0	0	0
1636	0.0005431830526887561	3682	T	C	0.0005431830526887561	0	0	0
1637	0.0019011406844106464	3682	T	C	0.0008147745790331341	0.0029875067897881585	2	11
1638	0.0035306898424769147	3682	A	D	0.0024443237370994023	0.0005431830526887561	1	2
1639	0.004888647474198805	3682	A	G	0.0035306898424769147	0.0005431830526887561	2	2
1640	0.06110809342748506	3682	C	T	0.05730581205866377	0.00027159152634437803	1	1
1641	0.0032590983161325366	3682	A	G	0.0016295491580662683	0.0008147745790331341	2	3
1642	0.0013579576317218902	3682	G	A	0.0010863661053775121	0.00027159152634437803	1	1
1643	0.0013579576317218902	3682	G	D	0.0013579576317218902	0.0010863661053775121	1	4
1644	0.004888647474198805	3682	C	D	0.0035306898424769147	0.0008147745790331341	1	3
1645	0.004617055947854427	3682	A	D	0.0024443237370994023	0.0013579576317218902	1	5
1646	0.0019011406844106464	3682	C	D	0.0010863661053775121	0.0008147745790331341	2	3
1647	0.0032590983161325366	3682	A	D	0.0024443237370994023	0.0005431830526887561	3	2
1648	0.011406844106463879	3682	G	D	0.0076045627376425855	0.0005431830526887561	1	2
1649	0.0013579576317218902	3682	G	D	0.0013579576317218902	0	0	0
1650	0.006518196632265073	3682	T	D	0.004617055947854427	0	0	0
1651	0.010048886474741989	3682	G	D	0.005431830526887561	0.012493210211841391	1	46
1652	0.014122759369907659	3682	T	D	0.011406844106463879	0.0019011406844106464	1	7
1653	0.007332971211298208	3682	T	D	0.0027159152634437804	0.0029875067897881585	2	11
1654	0.06002172732210755	3682	C	T	0.038837588267246065	0.0019011406844106464	1	7
1655	0.058392178164041283	3682	T	C	0.04046713742531233	0.004888647474198805	1	18
1656	0.014122759369907659	3682	T	D	0.008690928843020097	0.005160239000543183	2	19
1657	0.03910917979359044	3682	A	D	0.028788701792504073	0.0024443237370994023	1	9
1658	0.010592069527430744	3682	C	D	0.004888647474198805	0.0024443237370994023	1	9
1659	0.006789788158609452	3682	T	D	0.0029875067897881585	0.005703422053231939	1	21
1660	0.18848451928299836	3682	G	A	0.15317762085822922	0.013036393264530146	1	48
1661	0.01955458989679522	3682	A	D	0.011406844106463879	0.0008147745790331341	4	3
1662	0.011950027159152634	3682	G	A	0.0043454644215100485	0.005160239000543183	1	19
1663	0.008690928843020097	3682	T	D	0.004073872895165671	0.0019011406844106464	1	7
1664	0.017925040738728953	3682	C	D	0.0076045627376425855	0.0029875067897881585	1	11
1665	0.020640956002172733	3682	T	D	0.01683867463335144	0.00977729494839761	1	36
1666	0.008147745790331342	3682	A	D	0.004073872895165671	0.0019011406844106464	3	7
1667	0.0029875067897881585	3682	A	D	0.0016295491580662683	0.0010863661053775121	1	4
1668	0.0035306898424769147	3682	C	D	0.0021727322107550242	0.007876154263986964	1	29
1669	0.016295491580662683	3682	A	D	0.014665942422596416	0	0	0
1670	0.006518196632265073	3682	A	D	0.004617055947854427	0.00027159152634437803	1	1
1671	0.0024443237370994023	3682	A	D	0.0021727322107550242	0	0	0
1672	0.005160239000543183	3682	A	G	0.0027159152634437804	0	0	0
1673	0.0029875067897881585	3682	A	G	0.0021727322107550242	0	0	0
1674	0.017381857686040194	3682	G	C	0.011406844106463879	0.0021727322107550242	1	8
1675	0.015480717001629549	3682	T	D	0.011950027159152634	0	0	0
1676	0.005160239000543183	3682	T	C	0.0043454644215100485	0.0005431830526887561	1	2
1677	0.0019011406844106464	3682	T	D	0.0016295491580662683	0.00027159152634437803	1	1
1678	0.004617055947854427	3682	C	D	0.0032590983161325366	0.0008147745790331341	1	3
1679	0.0038022813688212928	3682	T	D	0.0019011406844106464	0.0005431830526887561	1	2
1680	0.004888647474198805	3682	G	D	0.0027159152634437804	0	0	0
1681	0.005160239000543183	3682	C	D	0.0035306898424769147	0.00027159152634437803	1	1
1682	0.0029875067897881585	3682	C	T	0.0021727322107550242	0.011678435632808256	1	43
1683	0.024171645844649647	3682	T	D	0.023085279739272133	0	0	0
1684	0.0010863661053775121	3682	T	G	0.0005431830526887561	0	0	0
1685	0.0038022813688212928	3682	T	C	0.0021727322107550242	0.0010863661053775121	1	4
1686	0.014122759369907659	3682	C	D	0.0076045627376425855	0	0	0
1687	0.011678435632808256	3682	C	D	0.005975013579576317	0.0010863661053775121	1	4
1688	0.011946782514254684	3683	A	D	0.008145533532446375	0.0010860711376595167	1	4
1689	0.0032590983161325366	3682	A	D	0.0013579576317218902	0.0008147745790331341	1	3
1690	0.011678435632808256	3682	C	G	0.007061379684953829	0.0005431830526887561	1	2
1691	0.004618310241782124	3681	A	G	0.0032599837000814994	0.0010866612333604998	1	4
1692	0.007063298016843249	3681	A	T	0.006519967400162999	0.0005433306166802499	2	2
1693	0.010051616408584624	3681	T	D	0.008421624558543873	0.005161640858462374	5	19
1694	0.0016299918500407497	3681	T	C	0.0013583265417006249	0.0016299918500407497	2	6
1695	0.042379788101059496	3681	T	C	0.04102146155935887	0.0021733224667209996	1	8
1696	0.006791632708503124	3681	G	D	0.0057049714751426246	0	0	0
1697	0.0024449877750611247	3681	G	D	0.0019016571583808748	0.0008149959250203749	2	3
1698	0.005161640858462374	3681	C	D	0.004074979625101874	0.0021733224667209996	1	8
1699	0.004346644933441999	3681	A	D	0.0027166530834012497	0.0013583265417006249	2	5
1700	0.007606628633523499	3681	G	A	0.0035316490084216245	0.0024449877750611247	2	9
1701	0.002988318391741375	3681	A	D	0.0013583265417006249	0.00027166530834012495	2	1
1702	0.012224938875305624	3681	G	A	0.008421624558543873	0.0005433306166802499	1	2
1703	0.013311600108666123	3681	A	G	0.006248302091822874	0.00027166530834012495	3	1
1704	0.005161640858462374	3681	C	D	0.0021733224667209996	0.00027166530834012495	1	1
1705	0.0027166530834012497	3681	A	D	0.0008149959250203749	0.0010866612333604998	1	4
1706	0.006519967400162999	3681	T	D	0.0038033143167617496	0.0013583265417006249	1	5
1707	0.0027166530834012497	3681	T	D	0.0016299918500407497	0.0010866612333604998	1	4
1708	0.005161640858462374	3681	G	D	0.0024449877750611247	0.0005433306166802499	1	2
1709	0.1437109481119261	3681	C	T	0.1380059766367835	0.0005433306166802499	1	2
1710	0.005161640858462374	3681	T	D	0.0027166530834012497	0.002988318391741375	1	11
1711	0.021461559358869873	3681	G	A	0.008964955175224124	0.0024449877750611247	1	9
1712	0.008693289866883998	3681	A	D	0.004889975550122249	0.0027166530834012497	1	10
1713	0.002988318391741375	3681	C	D	0.0016299918500407497	0.0010866612333604998	2	4
1714	0.010866612333604999	3681	A	D	0.007606628633523499	0.0027166530834012497	1	10
1715	0.017386579733767997	3681	C	T	0.008149959250203748	0.0027166530834012497	2	10
1716	0.014941591958706873	3681	T	D	0.006248302091822874	0.0021733224667209996	1	8
1717	0.010866612333604999	3681	A	D	0.0054333061668024995	0.0013583265417006249	2	5
1718	0.018744906275468622	3681	C	T	0.015484922575387123	0.0027166530834012497	1	10
1719	0.006248302091822874	3681	T	D	0.005161640858462374	0.004889975550122249	1	18
1720	0.03232817169247487	3681	G	C	0.02743819614235262	0.0013583265417006249	1	5
1721	0.0013583265417006249	3681	A	D	0.0005433306166802499	0.0008149959250203749	3	3
1722	0.0038033143167617496	3681	T	C	0.0021733224667209996	0.0013583265417006249	4	5
1723	0.0032599837000814994	3681	G	D	0.0013583265417006249	0.002988318391741375	4	11
1724	0.0035316490084216245	3681	C	D	0.0016299918500407497	0	0	0
1725	0.0024449877750611247	3681	T	C	0.0019016571583808748	0.0013583265417006249	1	5
1726	0.0027166530834012497	3681	G	D	0.0013583265417006249	0.0010866612333604998	1	4
1727	0.0024449877750611247	3681	T	D	0.0016299918500407497	0.014941591958706873	1	55
1728	0.0032599837000814994	3681	C	D	0.0019016571583808748	0.0005433306166802499	2	2
1729	0.004889975550122249	3681	C	A	0.0024449877750611247	0.007878293941863623	1	29
1730	0.0057049714751426246	3681	G	D	0.0027166530834012497	0.0013583265417006249	1	5
1731	0.035597826086956524	3680	T	C	0.033967391304347824	0.0016304347826086956	1	6
1732	0.010326086956521738	3680	G	A	0.0038043478260869567	0.0019021739130434783	1	7
1733	0.0019021739130434783	3680	A	D	0.0008152173913043478	0.0016304347826086956	1	6
1734	0.0005434782608695652	3680	T	D	0.0005434782608695652	0.008152173913043478	2	30
1735	0.006521739130434782	3680	C	D	0.0038043478260869567	0.0008152173913043478	1	3
1736	0.003260869565217391	3680	C	G	0.002173913043478261	0.001358695652173913	1	5
1737	0.0024456521739130437	3680	A	D	0.001358695652173913	0.0016304347826086956	1	6
1738	0.002717391304347826	3680	C	T	0.001358695652173913	0.002173913043478261	1	8
1739	0.002173913043478261	3680	A	G	0.001358695652173913	0.0005434782608695652	2	2
1740	0.004891304347826087	3680	G	A	0.0024456521739130437	0.003260869565217391	2	12
1741	0.0016304347826086956	3680	A	D	0.0010869565217391304	0.0010869565217391304	1	4
1742	0.002717391304347826	3680	C	D	0.0008152173913043478	0.0005434782608695652	1	2
1743	0.005163043478260869	3680	A	G	0.0038043478260869567	0.005978260869565218	2	22
1744	0.002717391304347826	3680	C	D	0.0008152173913043478	0.0005434782608695652	1	2
1745	0.004619565217391305	3680	T	D	0.003532608695652174	0.0024456521739130437	1	9
1746	0.005434782608695652	3680	T	C	0.002173913043478261	0.0038043478260869567	1	14
1747	0.02010869565217391	3680	G	D	0.007880434782608695	0.004347826086956522	1	16
1748	0.002989130434782609	3680	A	D	0.0019021739130434783	0.0038043478260869567	2	14
1749	0.016032608695652175	3680	G	A	0.006793478260869565	0.006793478260869565	1	25
1750	0.0019021739130434783	3680	A	D	0.0008152173913043478	0.001358695652173913	1	5
1751	0.004892633867898886	3679	T	D	0.002989942919271541	0.0010872519706441968	1	4
1752	0.004892633867898886	3679	T	C	0.0021745039412883935	0.002718129926610492	1	10
1753	0.008698015765153574	3679	C	T	0.0073389508018483285	0.001359064963305246	1	5
1754	0.020657787442239738	3679	T	D	0.019026909486273443	0.009241641750475673	1	34
1755	0.004077194889915738	3679	T	C	0.0019026909486273443	0.0032617559119325905	5	12
1756	0.009513454743136722	3679	G	D	0.0032617559119325905	0.0051644468605599346	1	19
1757	0.002989942919271541	3679	A	D	0.0021745039412883935	0.0005436259853220984	1	2
1758	0.004349007882576787	3679	C	D	0.0019026909486273443	0.0005436259853220984	1	2
1759	0.0010869565217391304	3680	A	G	0.0008152173913043478	0.0008152173913043478	1	3
1760	0.003260869565217391	3680	T	D	0.002717391304347826	0.0002717391304347826	1	1
1761	0.005434782608695652	3680	T	C	0.003260869565217391	0.0008152173913043478	1	3
1762	0.004347826086956522	3680	A	D	0.003260869565217391	0	0	0
1763	0.002717391304347826	3680	C	D	0.0019021739130434783	0.0008152173913043478	1	3
1764	0.0038043478260869567	3680	A	G	0.0019021739130434783	0.0008152173913043478	2	3
1765	0.0010866612333604998	3681	C	D	0.0008149959250203749	0.00027166530834012495	2	1
1766	0.0024449877750611247	3681	C	G	0.0021733224667209996	0.0008149959250203749	1	3
1767	0.0013583265417006249	3681	A	G	0.0008149959250203749	0.00027166530834012495	1	1
1768	0.0032599837000814994	3681	T	C	0.002988318391741375	0.0005433306166802499	1	2
1769	0.0010866612333604998	3681	G	C	0.0008149959250203749	0.0021733224667209996	5	8
1770	0.004889975550122249	3681	T	D	0.002988318391741375	0	0	0
1771	0.0021733224667209996	3681	T	D	0.0013583265417006249	0.0008149959250203749	1	3
1772	0.0035316490084216245	3681	C	D	0.0024449877750611247	0.007606628633523499	1	28
1773	0.0054333061668024995	3681	T	D	0.005161640858462374	0.0008149959250203749	2	3
1774	0.0032599837000814994	3681	T	D	0.0027166530834012497	0	0	0
1775	0.00027166530834012495	3681	T	D	0.00027166530834012495	0.0008149959250203749	1	3
1776	0.007878293941863623	3681	T	C	0.006791632708503124	0.007606628633523499	1	28
1777	0.0057049714751426246	3681	G	D	0.004618310241782124	0.00027166530834012495	2	1
1778	0.0013583265417006249	3681	G	D	0.0008149959250203749	0.0019016571583808748	1	7
1779	0.008149959250203748	3681	T	C	0.006519967400162999	0.0016299918500407497	1	6
1780	0.004889975550122249	3681	G	D	0.0021733224667209996	0.0005433306166802499	2	2
1781	0.0019016571583808748	3681	G	A	0.0010866612333604998	0.00027166530834012495	1	1
1782	0.004074979625101874	3681	T	C	0.002988318391741375	0.0005433306166802499	1	2
1783	0.0013583265417006249	3681	G	C	0.0005433306166802499	0.005161640858462374	1	19
1784	0.0016299918500407497	3681	T	C	0.0008149959250203749	0.0016299918500407497	1	6
1785	0.007878293941863623	3681	C	T	0.0032599837000814994	0.004074979625101874	3	15
1786	0.007334963325183374	3681	A	D	0.0057049714751426246	0.0016299918500407497	2	6
1787	0.0032599837000814994	3681	G	A	0.0016299918500407497	0.0008149959250203749	1	3
1788	0.008149959250203748	3681	T	C	0.0035316490084216245	0.0008149959250203749	1	3
1789	0.0013583265417006249	3681	G	A	0.0005433306166802499	0.0016299918500407497	1	6
1790	0.0032599837000814994	3681	T	D	0.0016299918500407497	0.00027166530834012495	1	1
1791	0.008964955175224124	3681	T	C	0.007063298016843249	0	0	0
1792	0.0027166530834012497	3681	A	D	0.0019016571583808748	0.00027166530834012495	1	1
1793	0.0021733224667209996	3681	T	C	0.0010866612333604998	0.00027166530834012495	1	1
1794	0.007332971211298208	3682	A	G	0.004617055947854427	0.00027159152634437803	2	1
1795	0.0027151778441487917	3683	A	D	0.001629106706489275	0.0008145533532446375	1	3
1796	0.0035297311973934292	3683	C	D	0.0024436600597339125	0.0005430355688297583	1	2
1797	0.012489818083084442	3683	A	G	0.008145533532446375	0.004344284550638067	1	16
1798	0.012761335867499321	3683	C	D	0.010860711376595167	0.00027151778441487917	2	1
1799	0.004887320119467825	3683	C	D	0.0027151778441487917	0.001629106706489275	2	6
1800	0.008145533532446375	3683	A	D	0.007874015748031496	0.004615802335052946	1	17
1801	0.008145533532446375	3683	G	D	0.007602497963616617	0.0008145533532446375	1	3
1802	0.0021721422753190334	3683	G	T	0.0008145533532446375	0.0013575889220743959	1	5
1803	0.001629106706489275	3683	A	D	0.0013575889220743959	0.0035297311973934292	2	13
1804	0.00325821341297855	3683	A	D	0.001629106706489275	0.0013575889220743959	1	5
1805	0.0024436600597339125	3683	C	D	0.0013575889220743959	0.0027151778441487917	3	10
1806	0.005701873472712463	3683	A	D	0.004887320119467825	0.0013575889220743959	1	5
1807	0.0013575889220743959	3683	A	D	0.0008145533532446375	0.0005430355688297583	1	2
1808	0.0019006244909041542	3683	A	G	0.0008145533532446375	0.0005430355688297583	1	2
1809	0.004344284550638067	3683	T	G	0.001629106706489275	0.0008145533532446375	1	3
1810	0.0070594623947868584	3683	A	D	0.0027151778441487917	0.001629106706489275	1	6
1811	0.005160239000543183	3682	C	D	0.004073872895165671	0.0016295491580662683	1	6
1812	0.007061379684953829	3682	T	D	0.005975013579576317	0.0005431830526887561	1	2
1813	0.004617055947854427	3682	T	D	0.0027159152634437804	0.0008147745790331341	1	3
1814	0.010320478001086366	3682	C	D	0.004888647474198805	0.004073872895165671	1	15
1815	0.004347826086956522	3680	T	A	0.002173913043478261	0.0038043478260869567	1	14
1816	0.0038043478260869567	3680	A	D	0.0016304347826086956	0	0	0
1817	0.0008152173913043478	3680	A	D	0.0005434782608695652	0.001358695652173913	1	5
1818	0.002717391304347826	3680	C	T	0.0010869565217391304	0.0002717391304347826	1	1
1819	0.004619565217391305	3680	C	G	0.003260869565217391	0.0002717391304347826	3	1
1820	0.0019021739130434783	3680	A	C	0.0008152173913043478	0.0005434782608695652	1	2
1821	0.07907608695652174	3680	G	A	0.0779891304347826	0.0002717391304347826	1	1
1822	0.0024456521739130437	3680	G	D	0.0008152173913043478	0.008152173913043478	1	30
1823	0.002173913043478261	3680	T	D	0.0010869565217391304	0.0005434782608695652	2	2
1824	0.002717391304347826	3680	T	D	0.0019021739130434783	0.0002717391304347826	1	1
1825	0.005163043478260869	3680	G	D	0.003260869565217391	0.0016304347826086956	1	6
1826	0.002989130434782609	3680	C	D	0.002173913043478261	0.0010869565217391304	1	4
1827	0.0024456521739130437	3680	T	D	0.001358695652173913	0.0002717391304347826	1	1
1828	0.002173913043478261	3680	G	D	0.0016304347826086956	0.0019021739130434783	3	7
1829	0.005163043478260869	3680	T	D	0.003260869565217391	0.0019021739130434783	1	7
1830	0.0038043478260869567	3680	T	D	0.002173913043478261	0.0008152173913043478	1	3
1831	0.005978260869565218	3680	C	D	0.002989130434782609	0.013043478260869565	1	48
1832	0.014130434782608696	3680	T	D	0.013043478260869565	0.002989130434782609	2	11
1833	0.0005434782608695652	3680	T	D	0.0005434782608695652	0.0005434782608695652	1	2
1834	0.0008152173913043478	3680	T	D	0.0002717391304347826	0.0005434782608695652	5	2
1835	0.0016304347826086956	3680	A	D	0.0008152173913043478	0.0002717391304347826	1	1
1836	0.0005434782608695652	3680	T	D	0.0005434782608695652	0.0016304347826086956	1	6
1837	0.007336956521739131	3680	C	T	0.004347826086956522	0.0016304347826086956	1	6
1838	0.003260869565217391	3680	A	D	0.0024456521739130437	0.0010869565217391304	1	4
1839	0.0024456521739130437	3680	G	D	0.0016304347826086956	0	0	0
1840	0.0024456521739130437	3680	G	D	0.0019021739130434783	0.0002717391304347826	1	1
1841	0.007880434782608695	3680	G	D	0.005434782608695652	0.0002717391304347826	1	1
1842	0.005434782608695652	3680	T	C	0.002717391304347826	0	0	0
1843	0.0005434782608695652	3680	G	D	0.0002717391304347826	0	0	0
1844	0.004347826086956522	3680	T	D	0.003532608695652174	0.0024456521739130437	3	9
1845	0.004076086956521739	3680	T	C	0.0019021739130434783	0.0008152173913043478	1	3
1846	0.00625	3680	A	G	0.003532608695652174	0.0008152173913043478	2	3
1847	0.004347826086956522	3680	A	G	0.002717391304347826	0.0016304347826086956	2	6
1848	0.002989942919271541	3679	C	T	0.002446316933949443	0.0010872519706441968	1	4
1849	0.00679532481652623	3679	T	D	0.004077194889915738	0.0005436259853220984	1	2
1850	0.02310410437618918	3679	G	D	0.008969828757814623	0.0002718129926610492	2	1
1851	0.0073389508018483285	3679	C	D	0.0057080728458820335	0.0035335689045936395	1	13
1852	0.0073389508018483285	3679	A	D	0.004892633867898886	0.0005436259853220984	1	2
1853	0.004349007882576787	3679	C	D	0.0021745039412883935	0.0021745039412883935	1	8
1854	0.007882576787170427	3679	A	D	0.0073389508018483285	0.0019026909486273443	1	7
1855	0.07257406904050014	3679	G	C	0.05762435444414243	0.004077194889915738	1	15
1856	0.008698015765153574	3679	A	D	0.004077194889915738	0	0	0
1857	0.0010872519706441968	3679	A	G	0.0005436259853220984	0	0	0
1858	0.007882576787170427	3679	G	A	0.004077194889915738	0.0019026909486273443	4	7
1859	0.007067137809187279	3679	T	C	0.004077194889915738	0.0038053818972546886	1	14
1860	0.018483283500951346	3679	C	D	0.009241641750475673	0.0010872519706441968	1	4
1861	0.1375373742864909	3679	C	T	0.1364501223158467	0.0010872519706441968	2	4
1862	0.0021745039412883935	3679	C	T	0.001359064963305246	0.0002718129926610492	1	1
1863	0.0038053818972546886	3679	T	D	0.002446316933949443	0.0008154389779831476	1	3
1864	0.004892633867898886	3679	G	C	0.0021745039412883935	0.0016308779559662953	2	6
1865	0.002989942919271541	3679	T	D	0.0016308779559662953	0.0032617559119325905	2	12
1866	0.0019026909486273443	3679	T	C	0.001359064963305246	0.0019026909486273443	2	7
1867	0.0021745039412883935	3679	G	D	0.0016308779559662953	0.0002718129926610492	1	1
1868	0.0035335689045936395	3679	C	D	0.0019026909486273443	0.0008154389779831476	2	3
1869	0.0035335689045936395	3679	T	D	0.0019026909486273443	0.0008154389779831476	2	3
1870	0.004077194889915738	3679	A	G	0.0016308779559662953	0.0008154389779831476	2	3
1871	0.0035335689045936395	3679	T	D	0.0010872519706441968	0.0005436259853220984	1	2
1872	0.002989942919271541	3679	T	G	0.001359064963305246	0.0021745039412883935	1	8
1873	0.009241641750475673	3679	C	A	0.0035335689045936395	0.0002718129926610492	2	1
1874	0.0062516988312041315	3679	A	G	0.0051644468605599346	0.0016308779559662953	1	6
1875	0.002446316933949443	3679	T	D	0.0010872519706441968	0	0	0
1876	0.016036966567001903	3679	G	T	0.011687958684425116	0.0019026909486273443	1	7
1877	0.006523511823865181	3679	C	D	0.0038053818972546886	0.004349007882576787	1	16
1878	0.0032617559119325905	3679	A	D	0.0021745039412883935	0.0002718129926610492	1	1
1879	0.008698015765153574	3679	G	T	0.0035335689045936395	0.006523511823865181	1	24
1880	0.0016308779559662953	3679	A	D	0.0005436259853220984	0.0010872519706441968	5	4
1881	0.001359064963305246	3679	T	D	0.0005436259853220984	0.0005436259853220984	1	2
1882	0.01005708072845882	3679	C	G	0.005436259853220984	0.0008154389779831476	1	3
1883	0.0035335689045936395	3679	A	G	0.002446316933949443	0.0002718129926610492	1	1
1884	0.004077194889915738	3679	A	G	0.002989942919271541	0.001359064963305246	2	5
1885	0.008969828757814623	3679	C	G	0.002718129926610492	0.0008154389779831476	1	3
1886	0.005436259853220984	3679	T	G	0.002718129926610492	0.0032617559119325905	1	12
1887	0.004078303425774877	3678	T	G	0.0019032082653616096	0.002175095160413268	2	8
1888	0.0032626427406199023	3678	A	G	0.0016313213703099511	0.0008156606851549756	1	3
1889	0.007884719956498096	3678	C	D	0.005709624796084829	0.001087547580206634	1	4
1890	0.0027188689505165853	3678	T	D	0.0019032082653616096	0.004622077215878194	1	17
1891	0.0070690592713431215	3678	C	D	0.004893964110929853	0.0019032082653616096	3	7
1892	0.005437737901033171	3678	C	T	0.0027188689505165853	0.002990755845568244	2	11
1893	0.009246668479738918	3677	T	G	0.004895295077508839	0.011150394343214578	1	41
1894	0.010878433505575198	3677	A	D	0.007342942616263258	0.0010878433505575197	2	4
1895	0.0035354908893119393	3677	C	D	0.0016317650258362796	0.0005439216752787598	1	2
1896	0.021484906173511016	3677	T	D	0.020125101985314114	0.0021756867011150393	1	8
1897	0.007886864291542018	3677	T	C	0.004623334239869459	0.0008158825129181398	1	3
1898	0.008974707642099537	3677	G	D	0.004351373402230079	0	0	0
1899	0.0021756867011150393	3677	G	D	0.0010878433505575197	0.0005439216752787598	1	2
1900	0.012238237693772096	3677	C	T	0.010334511830296437	0.0010878433505575197	2	4
1901	0.013326081044329616	3677	G	A	0.011150394343214578	0.0002719608376393799	4	1
1902	0.002991569214033179	3677	T	C	0.0016317650258362796	0.0005439216752787598	1	2
1903	0.0010878433505575197	3677	G	D	0.0005439216752787598	0.0027196083763937995	1	10
1904	0.008702746804460157	3677	T	D	0.004895295077508839	0.0002719608376393799	2	1
1905	0.005712731229597388	3676	T	C	0.004624591947769314	0.004352557127312296	1	16
1906	0.007889009793253536	3676	T	C	0.003264417845484222	0.001088139281828074	1	4
1907	0.005984766050054407	3676	A	D	0.002176278563656148	0.0013601741022850925	1	5
1908	0.007072905331882481	3676	T	C	0.003264417845484222	0.001632208922742111	2	6
1909	0.020674646354733407	3676	T	D	0.017954298150163223	0.001088139281828074	1	4
1910	0.02693144722524483	3676	C	D	0.020402611534276388	0.0008161044613710555	3	3
1911	0.010337323177366704	3676	T	C	0.004080522306855278	0.015778019586507073	2	58
1912	0.0073449401523395	3676	A	D	0.005984766050054407	0.001632208922742111	1	6
1913	0.029379760609358	3676	C	T	0.022306855277475515	0.0019042437431991295	1	7
1914	0.0019042437431991295	3676	A	D	0.001088139281828074	0.0002720348204570185	1	1
1915	0.0035364526659412403	3676	G	A	0.002176278563656148	0.001088139281828074	2	4
1916	0.0013601741022850925	3676	G	D	0.000544069640914037	0.0024483133841131663	1	9
1917	0.006256800870511426	3676	T	D	0.0035364526659412403	0.004080522306855278	1	15
1918	0.005168661588683352	3676	T	D	0.004352557127312296	0.001632208922742111	1	6
1919	0.02176278563656148	3676	C	D	0.012513601741022852	0.001632208922742111	1	6
1920	0.031556039173014146	3676	T	D	0.012513601741022852	0.0035364526659412403	1	13
1921	0.01958650707290533	3676	A	D	0.011425462459194777	0.000544069640914037	1	2
1922	0.0029923830250272033	3676	A	G	0.001632208922742111	0.001088139281828074	1	4
1923	0.018498367791077257	3676	T	C	0.016594124047878127	0.000544069640914037	3	2
1924	0.001088139281828074	3676	G	T	0.0008161044613710555	0.01441784548422198	1	53
1925	0.0073449401523395	3676	T	D	0.006256800870511426	0.0002720348204570185	2	1
1926	0.0029923830250272033	3676	T	G	0.001088139281828074	0.0002720348204570185	1	1
1927	0.0008161044613710555	3676	T	G	0.000544069640914037	0	0	0
1928	0.0002720348204570185	3676	T	D	0.0002720348204570185	0.0002720348204570185	2	1
1929	0.0029923830250272033	3676	T	C	0.0019042437431991295	0.0029923830250272033	1	11
1930	0.008705114254624592	3676	C	D	0.003808487486398259	0.0024483133841131663	1	9
1931	0.010337323177366704	3676	A	D	0.008161044613710556	0	0	0
1932	0.0013601741022850925	3676	A	D	0.0008161044613710555	0.0002720348204570185	2	1
1933	0.0013601741022850925	3676	A	D	0.0008161044613710555	0.0019042437431991295	1	7
1934	0.004080522306855278	3676	C	G	0.0019042437431991295	0.000544069640914037	2	2
1935	0.0002720348204570185	3676	A	G	0.0002720348204570185	0.0002720348204570185	1	1
1936	0.006528835690968444	3676	C	T	0.005712731229597388	0.000544069640914037	2	2
1937	0.002720348204570185	3676	G	A	0.002176278563656148	0.0008161044613710555	1	3
1938	0.0002720348204570185	3676	T	D	0.0002720348204570185	0.0002720348204570185	2	1
1939	0.0019042437431991295	3676	G	D	0.001632208922742111	0.000544069640914037	2	2
1940	0.002720348204570185	3676	C	D	0.0013601741022850925	0.000544069640914037	2	2
1941	0.001632208922742111	3676	A	C	0.0008161044613710555	0.0002720348204570185	1	1
1942	0.004080522306855278	3676	G	A	0.002176278563656148	0.0002720348204570185	1	1
1943	0.0002720348204570185	3676	G	D	0.0002720348204570185	0	0	0
1944	0.0008161044613710555	3676	C	D	0.000544069640914037	0	0	0
1945	0.001088139281828074	3676	T	D	0.000544069640914037	0.0002720348204570185	1	1
1946	0.0013601741022850925	3676	G	D	0.000544069640914037	0.02366702937976061	1	87
1947	0.008433079434167573	3676	T	D	0.007889009793253536	0.0002720348204570185	2	1
1948	0.001088139281828074	3676	T	C	0.0008161044613710555	0.004080522306855278	3	15
1949	0.004896626768226333	3676	T	D	0.002176278563656148	0.006256800870511426	1	23
1950	0.02693144722524483	3676	A	G	0.017954298150163223	0.002176278563656148	2	8
1951	0.008433079434167573	3676	A	G	0.003808487486398259	0	0	0
1952	0.00544069640914037	3676	T	D	0.0019042437431991295	0.006528835690968444	1	24
1953	0.020674646354733407	3676	A	D	0.013873775843307944	0.002176278563656148	1	8
1954	0.03781284004352557	3676	G	D	0.02665941240478781	0	0	0
1955	0.020402611534276388	3676	G	D	0.01958650707290533	0	0	0
1956	0.005168661588683352	3676	G	A	0.002176278563656148	0	0	0
1957	0.005168661588683352	3676	G	C	0.002720348204570185	0.002176278563656148	1	8
1958	0.004896626768226333	3676	C	D	0.003808487486398259	0.001632208922742111	1	6
1959	0.005712731229597388	3676	T	D	0.003264417845484222	0.006528835690968444	2	24
1960	0.031828073993471165	3676	G	C	0.013601741022850925	0.008433079434167573	2	31
1961	0.030195865070729053	3676	A	D	0.015778019586507073	0.0019042437431991295	1	7
1962	0.011153427638737758	3676	A	D	0.008433079434167573	0.0035364526659412403	1	13
1963	0.030195865070729053	3676	T	C	0.014145810663764961	0	0	0
1964	0.013326081044329616	3677	A	C	0.005983138428066358	0.0027196083763937995	1	10
1965	0.007886864291542018	3677	T	C	0.005167255915148218	0.0005439216752787598	1	2
1966	0.016045689420723416	3677	G	C	0.005439216752787599	0.008702746804460157	1	32
1967	0.012782159369050857	3677	T	C	0.008158825129181398	0.002991569214033179	1	11
1968	0.019581180310035355	3677	C	D	0.008702746804460157	0.004351373402230079	1	16
1969	0.007614903453902638	3677	A	G	0.002991569214033179	0	0	0
1970	0.004895295077508839	3677	A	G	0.0021756867011150393	0.0008158825129181398	1	3
1971	0.005439216752787599	3677	C	G	0.0021756867011150393	0.0027196083763937995	1	10
1972	0.0019037258634756595	3677	A	D	0.0010878433505575197	0.0010878433505575197	1	4
1973	0.0024476475387544194	3677	A	D	0.0008158825129181398	0.0008158825129181398	2	3
1974	0.004623334239869459	3677	C	T	0.0021756867011150393	0.0010878433505575197	1	4
1975	0.004351373402230079	3677	T	G	0.0024476475387544194	0.0005439216752787598	1	2
1976	0.011694316018493337	3677	C	G	0.008974707642099537	0.0008158825129181398	1	3
1977	0.0027196083763937995	3677	A	G	0.0016317650258362796	0.0002719608376393799	2	1
1978	0.0024476475387544194	3677	T	G	0.0013598041881968997	0.0002719608376393799	4	1
1979	0.0008158825129181398	3677	A	C	0.0005439216752787598	0.0008158825129181398	1	3
1980	0.0005439216752787598	3677	T	D	0.0002719608376393799	0.0010878433505575197	1	4
1981	0.014141963557247757	3677	G	C	0.011966276856132716	0.0016317650258362796	1	6
1982	0.002991569214033179	3677	A	D	0.0013598041881968997	0.0013598041881968997	2	5
1983	0.007614903453902638	3677	G	D	0.006527060103345118	0.0008158825129181398	1	3
1984	0.008430785966820778	3677	T	D	0.006527060103345118	0.0002719608376393799	1	1
1985	0.004351373402230079	3677	G	D	0.0019037258634756595	0.0008158825129181398	2	3
1986	0.0035354908893119393	3677	T	C	0.0016317650258362796	0.0005439216752787598	1	2
1987	0.004895295077508839	3677	G	D	0.002991569214033179	0.0005439216752787598	2	2
1988	0.003264417845484222	3676	A	D	0.0024483133841131663	0.000544069640914037	1	2
1989	0.0027210884353741495	3675	C	D	0.0010884353741496598	0.00027210884353741496	2	1
1990	0.0032653061224489797	3675	A	G	0.0021768707482993197	0.002993197278911565	1	11
1991	0.0008165487207403375	3674	T	D	0.0005443658138268917	0.0005443658138268917	1	2
1992	0.010887316276537834	3674	A	D	0.008709853021230268	0.0029940119760479044	1	11
1993	0.010887316276537834	3674	C	D	0.00979858464888405	0.0005443658138268917	1	2
1994	0.001633097441480675	3674	C	T	0.0008165487207403375	0	0	0
1995	0.0005443658138268917	3674	C	D	0.00027218290691344586	0.00027218290691344586	1	1
1996	0.0010887316276537834	3674	A	D	0.0008165487207403375	0.0029940119760479044	1	11
1997	0.001633097441480675	3674	T	D	0.0010887316276537834	0.0005443658138268917	1	2
1998	0.0019057990743261638	3673	T	C	0.0008167710318540703	0	0	0
1999	0.004900626191124422	3673	G	C	0.0021780560849441874	0.0002722570106180234	1	1
2000	0.0005445140212360468	3673	G	D	0.0002722570106180234	0.0002722570106180234	1	1
2001	0.0016335420637081405	3673	T	C	0.001361285053090117	0.0019057990743261638	1	7
2002	0.004083855159270351	3673	G	D	0.002722570106180234	0.0005445140212360468	1	2
2003	0.007078682276068609	3673	C	D	0.0029948271167982575	0.001361285053090117	2	5
2004	0.0051728832017424444	3673	A	G	0.002450313095562211	0.0010890280424720937	1	4
2005	0.10046283691805064	3673	G	A	0.05771848625102096	0.0002722570106180234	1	1
2006	0.0029948271167982575	3673	G	D	0.0019057990743261638	0.0002722570106180234	2	1
2007	0.005445140212360468	3673	T	D	0.0035393411380343046	0.0005445140212360468	4	2
2008	0.0062619112442145386	3673	A	D	0.002450313095562211	0.0002722570106180234	2	1
2009	0.0010890280424720937	3673	T	C	0.0010890280424720937	0.0005445140212360468	1	2
2010	0.0021780560849441874	3673	A	D	0.0008167710318540703	0.0002722570106180234	1	1
2011	0.0038115981486523277	3673	T	G	0.0019057990743261638	0.0008167710318540703	1	3
2012	0.004628369180506398	3673	G	D	0.0029948271167982575	0.0002722570106180234	5	1
2013	0.008167710318540702	3673	C	T	0.004083855159270351	0.0010890280424720937	2	4
2014	0.011434794445956983	3673	G	A	0.007078682276068609	0.0010890280424720937	1	4
2015	0.007895453307922679	3673	C	T	0.004083855159270351	0.0010890280424720937	1	4
2016	0.013340593520283148	3673	T	D	0.004356112169888375	0.002722570106180234	1	10
2017	0.005989654233596515	3673	A	G	0.0021780560849441874	0.001361285053090117	1	5
2018	0.0051728832017424444	3673	G	A	0.0035393411380343046	0.0038115981486523277	1	14
2019	0.0057173972229784915	3673	T	C	0.0038115981486523277	0.0016335420637081405	1	6
2020	0.008984481350394773	3673	T	C	0.007895453307922679	0.0005445140212360468	2	2
2021	0.0021780560849441874	3673	A	C	0.0010890280424720937	0.0008167710318540703	1	3
2022	0.0010890280424720937	3673	T	D	0.0008167710318540703	0.0019057990743261638	1	7
2023	0.010345766403484889	3673	C	D	0.0035393411380343046	0.0010890280424720937	1	4
2024	0.008984481350394773	3673	A	G	0.004356112169888375	0.001361285053090117	2	5
2025	0.013888888888888888	3672	G	D	0.004901960784313725	0.001906318082788671	1	7
2026	0.0027233115468409588	3672	A	D	0.0013616557734204794	0.004084967320261438	1	15
2027	0.007352941176470588	3672	C	D	0.0024509803921568627	0.0029956427015250544	1	11
2028	0.005991285403050109	3672	T	D	0.005718954248366013	0.0016339869281045752	2	6
2029	0.03785403050108933	3672	C	G	0.01770152505446623	0.005991285403050109	2	22
2030	0.008986928104575163	3672	A	D	0.006263616557734205	0.0016339869281045752	1	6
2031	0.01579520697167756	3672	G	A	0.005991285403050109	0.001906318082788671	1	7
2032	0.008986928104575163	3672	A	G	0.005718954248366013	0.0010893246187363835	1	4
2033	0.011982570806100218	3672	C	T	0.006535947712418301	0.0032679738562091504	2	12
2034	0.013071895424836602	3672	T	G	0.007352941176470588	0.008986928104575163	1	33
2035	0.022603485838779955	3672	A	D	0.014978213507625272	0.0016339869281045752	1	6
2036	0.013071895424836602	3672	A	G	0.008442265795206972	0.004901960784313725	1	18
2037	0.07734204793028322	3672	G	D	0.05201525054466231	0.0013616557734204794	1	5
2038	0.06345315904139434	3672	T	D	0.05010893246187364	0.0008169934640522876	1	3
2039	0.0721677559912854	3672	C	G	0.037309368191721135	0.003540305010893246	1	13
2040	0.008169934640522876	3672	T	D	0.004084967320261438	0.0024509803921568627	1	9
2041	0.04139433551198257	3672	C	D	0.013616557734204794	0.010893246187363835	2	40
2042	0.14406318082788672	3672	A	G	0.12391067538126362	0.0013616557734204794	1	5
2043	0.004084967320261438	3672	T	D	0.001906318082788671	0.0010893246187363835	1	4
2044	0.03758169934640523	3672	C	T	0.012799564270152506	0.017429193899782137	1	64
2045	0.02505446623093682	3672	G	A	0.013888888888888888	0.0010893246187363835	1	4
2046	0.009259259259259259	3672	G	D	0.005991285403050109	0.0016339869281045752	1	6
2047	0.01770152505446623	3672	C	D	0.006808278867102397	0.0024509803921568627	1	9
2048	0.024782135076252723	3672	G	A	0.014705882352941176	0	0	0
2049	0.014705882352941176	3672	G	T	0.011165577342047931	0.0016339869281045752	1	6
2050	0.005718954248366013	3672	G	D	0.002178649237472767	0.0002723311546840959	2	1
2051	0.007625272331154684	3672	C	T	0.003812636165577342	0.0005446623093681918	1	2
2052	0.004901960784313725	3672	A	G	0.0032679738562091504	0.0016339869281045752	1	6
2053	0.010076252723311547	3672	C	T	0.007625272331154684	0.003540305010893246	1	13
2054	0.022603485838779955	3672	G	A	0.009259259259259259	0.0016339869281045752	3	6
2055	0.006263616557734205	3672	T	D	0.004901960784313725	0.008169934640522876	1	30
2056	0.008714596949891068	3672	A	C	0.004629629629629629	0.0016339869281045752	1	6
2057	0.004357298474945534	3672	G	D	0.002178649237472767	0.0013616557734204794	1	5
2058	0.010348583877995643	3672	T	D	0.004901960784313725	0.0016339869281045752	1	6
2059	0.012530645600653773	3671	G	C	0.010623808226641242	0.002724053391446472	1	10
2060	0.0059929174611822395	3671	T	C	0.003268864069735767	0.008172160174339417	1	30
2061	0.014437482974666304	3671	A	G	0.009261781530918006	0.001362026695723236	2	5
2062	0.007627349496050122	3671	G	A	0.005720512122037592	0.0016344320348678834	1	6
2063	0.0059929174611822395	3671	C	D	0.004086080087169709	0.003541269408880414	1	13
2064	0.01661672568782348	3671	T	D	0.010623808226641242	0.012530645600653773	7	46
2065	0.018528610354223433	3670	A	D	0.009264305177111716	0.0016348773841961854	3	6
2066	0.010081743869209809	3670	G	A	0.0038147138964577656	0.002452316076294278	1	9
2067	0.004087193460490463	3670	T	C	0.0016348773841961854	0.0010899182561307902	1	4
2068	0.03106267029972752	3670	C	G	0.01880108991825613	0.003542234332425068	1	13
2069	0.006539509536784741	3670	A	G	0.0032697547683923707	0.0010899182561307902	2	4
2070	0.005449591280653951	3670	A	T	0.0032697547683923707	0.0016348773841961854	1	6
2071	0.0038147138964577656	3670	T	A	0.002452316076294278	0.0005449591280653951	1	2
2072	0.010626702997275205	3670	C	T	0.006267029972752043	0.0010899182561307902	1	4
2073	0.01226158038147139	3670	C	T	0.005722070844686649	0.0010899182561307902	1	4
2074	0.0021798365122615805	3670	A	D	0.0013623978201634877	0.002452316076294278	1	9
2075	0.0010899182561307902	3670	T	A	0.0005449591280653951	0.00027247956403269756	1	1
2076	0.06021798365122616	3670	C	T	0.058310626702997276	0.00027247956403269756	1	1
2077	0.0021798365122615805	3670	A	G	0.0019073569482288828	0.0005449591280653951	1	2
2078	0.0027247956403269754	3670	T	C	0.0013623978201634877	0.00027247956403269756	1	1
2079	0.0010899182561307902	3670	T	C	0.0008174386920980927	0	0	0
2080	0.0005449591280653951	3670	G	D	0.00027247956403269756	0	0	0
2081	0.0005449591280653951	3670	C	D	0.0005449591280653951	0	0	0
2082	0.00027240533914464724	3671	C	T	0.00027240533914464724	0.0005448106782892945	2	2
2083	0.001089621356578589	3671	T	D	0.0005448106782892945	0.0005448106782892945	2	2
2084	0.001089621356578589	3671	A	D	0.0005448106782892945	0	0	0
2085	0.0005448106782892945	3671	C	D	0.0005448106782892945	0.0005448106782892945	1	2
2086	0.001362026695723236	3671	A	D	0.0008172160174339417	0.00027240533914464724	1	1
2087	0.0029964587305911197	3671	C	T	0.002451648052301825	0.001362026695723236	1	5
2088	0.004630890765459003	3671	T	G	0.002724053391446472	0.00027240533914464724	1	1
2089	0.00027240533914464724	3671	A	D	0.00027240533914464724	0.0008172160174339417	1	3
2090	0.001089621356578589	3671	T	C	0.001089621356578589	0.00027240533914464724	5	1
2091	0.00027240533914464724	3671	G	C	0.00027240533914464724	0.0005448106782892945	1	2
2092	0.002451648052301825	3671	T	C	0.002451648052301825	0.00027240533914464724	1	1
2093	0.0016344320348678834	3671	C	G	0.0008172160174339417	0.00027240533914464724	2	1
2094	0.0016344320348678834	3671	A	G	0.001362026695723236	0.00027240533914464724	2	1
2095	0.0005448106782892945	3671	C	T	0.00027240533914464724	0.003541269408880414	1	13
2096	0.001089621356578589	3671	T	D	0.0008172160174339417	0.001362026695723236	1	5
2097	0.002179242713157178	3671	T	C	0.001089621356578589	0.0016344320348678834	3	6
2098	0.009534186870062654	3671	G	C	0.004630890765459003	0.0019068373740125306	2	7
2099	0.0029964587305911197	3671	G	T	0.001089621356578589	0.0019068373740125306	1	7
2100	0.004086080087169709	3671	T	D	0.002179242713157178	0.002451648052301825	1	9
2101	0.007082538817760828	3671	G	D	0.004086080087169709	0.0059929174611822395	1	22
2102	0.11604467447561972	3671	C	T	0.09752111141378371	0.0016344320348678834	2	6
2103	0.008989376191773358	3671	A	D	0.0059929174611822395	0.0005448106782892945	1	2
2104	0.022337237809861073	3671	G	T	0.010623808226641242	0.004358485426314356	2	16
2105	0.01607191500953419	3671	A	D	0.011985834922364479	0.0008172160174339417	2	3
2106	0.00789975483519477	3671	A	G	0.004358485426314356	0.00027240533914464724	1	1
2107	0.004358485426314356	3671	A	G	0.0019068373740125306	0.001362026695723236	1	5
2108	0.008716970852628712	3671	A	T	0.00490329610460365	0.0005448106782892945	1	2
2109	0.012530645600653773	3671	T	G	0.003813674748025061	0.00027240533914464724	1	1
2110	0.004086080087169709	3671	T	C	0.002451648052301825	0.001362026695723236	2	5
2111	0.088804140561155	3671	C	T	0.06428766003813675	0.0029964587305911197	1	11
2112	0.001362026695723236	3671	A	G	0.0005448106782892945	0.0008172160174339417	1	3
2113	0.004630890765459003	3671	G	D	0.002179242713157178	0.0019068373740125306	4	7
2114	0.001362026695723236	3671	T	D	0.001089621356578589	0.0008172160174339417	1	3
2115	0.008989376191773358	3671	T	C	0.008172160174339417	0.00027240533914464724	1	1
2116	0.003541269408880414	3671	G	T	0.0016344320348678834	0.001362026695723236	1	5
2117	0.013075456278943067	3671	C	D	0.006810133478616181	0.001089621356578589	1	4
2118	0.003541269408880414	3671	T	D	0.002179242713157178	0.001089621356578589	1	4
2119	0.004086080087169709	3671	T	D	0.0019068373740125306	0.002451648052301825	2	9
2120	0.010623808226641242	3671	A	D	0.0059929174611822395	0.0008172160174339417	1	3
2121	0.013075456278943067	3671	C	D	0.009534186870062654	0.0016344320348678834	1	6
2122	0.009261781530918006	3671	T	D	0.006265322800326887	0.001362026695723236	2	5
2123	0.012258240261509125	3671	C	D	0.006265322800326887	0.004358485426314356	1	16
2124	0.019340779079269954	3671	T	D	0.0098065922092073	0.003813674748025061	1	14
2125	0.007082538817760828	3671	A	D	0.003813674748025061	0.00027240533914464724	1	1
2126	0.002724053391446472	3671	A	G	0.001089621356578589	0	0	0
2127	0.007627349496050122	3671	T	G	0.003813674748025061	0.01280305093979842	1	47
2128	0.003542234332425068	3670	A	D	0.0032697547683923707	0.002452316076294278	1	9
2129	0.004359673024523161	3670	A	G	0.0027247956403269754	0.0027247956403269754	2	10
2130	0.004359673024523161	3670	C	T	0.0013623978201634877	0.0010899182561307902	1	4
2131	0.0016348773841961854	3670	T	D	0.0013623978201634877	0	0	0
2132	0.009536784741144414	3670	C	D	0.0051771117166212535	0.006811989100817439	1	25
2133	0.015267175572519083	3668	T	D	0.011177753544165758	0.0002726281352235551	4	1
2134	0.001636214889555495	3667	A	C	0.0013635124079629125	0.00218161985274066	1	8
2135	0.0008181074447777475	3667	T	C	0.000545404963185165	0.0008181074447777475	1	3
2136	0.0029997272975184073	3667	T	C	0.0024543223343332426	0	0	0
2137	0.00109080992637033	3667	G	D	0.000545404963185165	0	0	0
2138	0.0002727024815925825	3667	C	D	0.0002727024815925825	0.0002727024815925825	1	1
2139	0.0013635124079629125	3667	C	T	0.000545404963185165	0.000545404963185165	2	2
2140	0.00109080992637033	3667	A	G	0.000545404963185165	0	0	0
2141	0.0002727024815925825	3667	T	G	0.0002727024815925825	0.000545404963185165	2	2
2142	0.0008181074447777475	3667	A	D	0.0008181074447777475	0.0013635124079629125	1	5
2143	0.0019089173711480775	3667	C	D	0.0013635124079629125	0.0002727024815925825	1	1
2144	0.000545404963185165	3667	C	D	0.0002727024815925825	0.0002727024815925825	4	1
2145	0.0002727024815925825	3667	C	D	0.0002727024815925825	0.001636214889555495	2	6
2146	0.004090537223888737	3667	A	G	0.0024543223343332426	0.0008181074447777475	1	3
2147	0.0024543223343332426	3667	C	T	0.00109080992637033	0.0013635124079629125	1	5
2148	0.0013635124079629125	3667	A	D	0.000545404963185165	0.00109080992637033	1	4
2149	0.002727024815925825	3667	A	G	0.001636214889555495	0	0	0
2150	0.0035451322607035723	3667	A	T	0.0013635124079629125	0.004635942187073902	1	17
2151	0.004090537223888737	3667	T	D	0.00218161985274066	0.00109080992637033	1	4
2152	0.0019089173711480775	3667	T	D	0.0008181074447777475	0.0002727024815925825	1	1
2153	0.001636214889555495	3667	T	D	0.000545404963185165	0.00109080992637033	3	4
2154	0.003817834742296155	3667	T	C	0.0019089173711480775	0.004090537223888737	1	15
2155	0.00845608292416803	3666	A	D	0.0057283142389525366	0.0038188761593016913	2	14
2156	0.006273867975995636	3666	C	T	0.004637206764866339	0.0019094380796508457	1	7
2157	0.007637752318603383	3666	T	C	0.0038188761593016913	0.005455537370430988	1	20
2158	0.007637752318603383	3666	A	G	0.0032733224222585926	0.0024549918166939444	1	9
2159	0.0038188761593016913	3666	T	D	0.0019094380796508457	0.0024549918166939444	1	9
2160	0.013911620294599018	3666	T	C	0.010911074740861976	0.006001091107474086	1	22
2161	0.0032733224222585926	3666	A	C	0.0016366612111292963	0.0019094380796508457	1	7
2162	0.008183306055646482	3666	G	D	0.004909983633387889	0.001363884342607747	4	5
2163	0.0038188761593016913	3666	T	D	0.002182214948172395	0.0005455537370430987	1	2
2164	0.004909983633387889	3666	G	D	0.0016366612111292963	0.0032733224222585926	1	12
2165	0.004909983633387889	3666	T	D	0.002727768685215494	0.0005455537370430987	1	2
2166	0.0038188761593016913	3666	T	C	0.0019094380796508457	0.0005455537370430987	3	2
2167	0.01800327332242226	3666	A	T	0.00872885979268958	0.0010911074740861974	1	4
2168	0.006001091107474086	3666	C	D	0.003000545553737043	0.0010911074740861974	2	4
2169	0.006001091107474086	3666	C	D	0.004909983633387889	0.00027277686852154935	1	1
2170	0.00872885979268958	3666	A	D	0.00436442989634479	0.006001091107474086	1	22
2171	0.0019094380796508457	3666	C	D	0.0005455537370430987	0.001363884342607747	2	5
2172	0.006546644844517185	3666	A	D	0.004909983633387889	0.00027277686852154935	1	1
2173	0.007364975450081833	3666	G	D	0.006273867975995636	0.00027277686852154935	2	1
2174	0.0032733224222585926	3666	A	T	0.0019094380796508457	0.0008183306055646482	1	3
2175	0.00027277686852154935	3666	A	T	0.00027277686852154935	0.001363884342607747	1	5
2176	0.002727768685215494	3666	A	G	0.0016366612111292963	0.0010911074740861974	1	4
2177	0.006546644844517185	3666	T	D	0.0032733224222585926	0.0005455537370430987	1	2
2178	0.005182760501909438	3666	T	C	0.002182214948172395	0.0005455537370430987	1	2
2179	0.0673758865248227	3666	C	T	0.05919258046917621	0.00027277686852154935	1	1
2180	0.0019094380796508457	3666	T	A	0.0008183306055646482	0.0016366612111292963	1	6
2181	0.00436442989634479	3666	A	D	0.004091653027823241	0.001363884342607747	1	5
2182	0.006001091107474086	3666	C	D	0.0032733224222585926	0.0005455537370430987	1	2
2183	0.002727768685215494	3666	C	D	0.0008183306055646482	0.001363884342607747	1	5
2184	0.0024549918166939444	3666	A	C	0.0019094380796508457	0.00027277686852154935	1	1
2185	0.005455537370430988	3666	G	D	0.0024549918166939444	0.0008183306055646482	4	3
2186	0.0019094380796508457	3666	T	D	0.0008183306055646482	0	0	0
2187	0.0010911074740861974	3666	G	T	0.0008183306055646482	0	0	0
2188	0.002182214948172395	3666	T	C	0.0019094380796508457	0.001363884342607747	1	5
2189	0.006273867975995636	3666	C	T	0.00436442989634479	0.0010911074740861974	3	4
2190	0.0038188761593016913	3666	T	G	0.002182214948172395	0.0010911074740861974	2	4
2191	0.0008183306055646482	3666	A	D	0.00027277686852154935	0	0	0
2192	0.001363884342607747	3666	T	C	0.001363884342607747	0.0008183306055646482	3	3
2193	0.0019094380796508457	3666	G	T	0.0008183306055646482	0	0	0
2194	0.001363884342607747	3666	A	G	0.0008183306055646482	0.001363884342607747	1	5
2195	0.0019094380796508457	3666	C	D	0.0010911074740861974	0	0	0
2196	0.004092769440654843	3665	C	D	0.00218281036834925	0.0030013642564802184	4	11
2197	0.005457025920873124	3665	A	D	0.004092769440654843	0.00218281036834925	1	8
2198	0.0030013642564802184	3665	A	D	0.0024556616643929058	0	0	0
2199	0.007094133697135061	3665	G	D	0.003819918144611187	0.001091405184174625	2	4
2200	0.00572987721691678	3665	A	D	0.004092769440654843	0.0005457025920873125	1	2
2201	0.0016371077762619372	3665	C	D	0.0005457025920873125	0.0005457025920873125	1	2
2202	0.001091405184174625	3665	A	G	0.0005457025920873125	0.0032742155525238743	1	12
2203	0.00027285129604365623	3665	T	D	0.00027285129604365623	0.0008185538881309686	1	3
2204	0.02155525238744884	3665	C	G	0.01227830832196453	0.001364256480218281	1	5
2205	0.03874488403819918	3665	A	G	0.03519781718963165	0.0008185538881309686	1	3
2206	0.00572987721691678	3665	G	D	0.004092769440654843	0.001091405184174625	3	4
2207	0.0030013642564802184	3665	T	D	0.001091405184174625	0.004638472032742156	2	17
2208	0.005457025920873124	3665	A	G	0.002728512960436562	0.0008185538881309686	3	3
2209	0.01145975443383356	3665	G	T	0.006002728512960437	0.0019099590723055935	3	7
2210	0.00572987721691678	3665	A	D	0.0032742155525238743	0.00218281036834925	1	8
2211	0.007094133697135061	3665	T	D	0.0032742155525238743	0.001091405184174625	3	4
2212	0.00572987721691678	3665	T	D	0.0032742155525238743	0.0035470668485675307	1	13
2213	0.017735334242837655	3665	G	C	0.006548431105047749	0.0016371077762619372	1	6
2214	0.009549795361527967	3665	T	A	0.005184174624829468	0.00027285129604365623	1	1
2215	0.0068212824010914054	3665	A	D	0.0024556616643929058	0.001091405184174625	3	4
2216	0.007094133697135061	3665	C	D	0.00218281036834925	0.0024556616643929058	4	9
2217	0.011186903137789904	3665	A	D	0.007094133697135061	0	0	0
2218	0.007366984993178717	3665	A	D	0.00572987721691678	0	0	0
2219	0.009822646657571623	3665	T	D	0.005457025920873124	0.0005457025920873125	1	2
2220	0.006002728512960437	3665	G	C	0.002728512960436562	0.001091405184174625	2	4
2221	0.004092769440654843	3665	T	D	0.0016371077762619372	0.00027285129604365623	2	1
2222	0.0024556616643929058	3665	A	D	0.0008185538881309686	0	0	0
2223	0.004638472032742156	3665	C	D	0.00218281036834925	0	0	0
2224	0.001091405184174625	3665	A	D	0.0005457025920873125	0.001364256480218281	1	5
2225	0.0035470668485675307	3665	T	D	0.001364256480218281	0.0008185538881309686	1	3
2226	0.00027285129604365623	3665	T	D	0.00027285129604365623	0.00027285129604365623	2	1
2227	0.0008185538881309686	3665	T	C	0.0005457025920873125	0.0008185538881309686	3	3
2228	0.0019099590723055935	3665	G	D	0.0016371077762619372	0.0008185538881309686	1	3
2229	0.0032742155525238743	3665	T	D	0.0016371077762619372	0.001091405184174625	1	4
2230	0.0043656207366985	3665	G	D	0.00218281036834925	0.00027285129604365623	2	1
2231	0.001091405184174625	3665	G	C	0.0005457025920873125	0.00027285129604365623	1	1
2232	0.0035470668485675307	3665	T	C	0.00218281036834925	0.0005457025920873125	1	2
2233	0.018281036834924966	3665	G	A	0.011186903137789904	0.0016371077762619372	1	6
2234	0.001091405184174625	3665	A	G	0.0008185538881309686	0.0005457025920873125	1	2
2235	0.0016371077762619372	3665	T	A	0.001364256480218281	0.0008185538881309686	2	3
2236	0.002728512960436562	3665	T	G	0.0016371077762619372	0.002728512960436562	1	10
2237	0.03956343792633015	3665	C	G	0.02100954979536153	0.0068212824010914054	1	25
2238	0.009822646657571623	3665	A	G	0.007094133697135061	0.00027285129604365623	1	1
2239	0.0016371077762619372	3665	A	D	0.0005457025920873125	0.002728512960436562	1	10
2240	0.00572987721691678	3665	C	T	0.002728512960436562	0.0024556616643929058	1	9
2241	0.0035470668485675307	3665	T	D	0.001364256480218281	0.001091405184174625	2	4
2242	0.009549795361527967	3665	G	C	0.004638472032742156	0.004092769440654843	1	15
2243	0.005731441048034935	3664	A	D	0.0027292576419213972	0.0002729257641921397	2	1
2244	0.001910480349344978	3664	A	D	0.0008187772925764192	0.0008187772925764192	1	3
2245	0.001910480349344978	3664	T	C	0.001091703056768559	0.001910480349344978	1	7
2246	0.01009825327510917	3664	G	A	0.003820960698689956	0.0008187772925764192	1	3
2247	0.007641921397379912	3664	C	D	0.004366812227074236	0.0016375545851528383	1	6
2248	0.004093886462882096	3664	A	D	0.0024563318777292577	0	0	0
2249	0.003002183406113537	3664	G	D	0.0016375545851528383	0	0	0
2250	0.009006550218340612	3664	C	D	0.003820960698689956	0	0	0
2251	0.002183406113537118	3664	A	D	0.0013646288209606986	0.0002729257641921397	1	1
2252	0.0024563318777292577	3664	A	C	0.0013646288209606986	0.0005458515283842794	1	2
2253	0.007368995633187773	3664	T	D	0.005185589519650655	0.0008187772925764192	1	3
2254	0.007914847161572052	3664	C	T	0.0032751091703056767	0.0005458515283842794	1	2
2255	0.007914847161572052	3664	T	D	0.006277292576419214	0	0	0
2256	0.0016375545851528383	3664	T	D	0.0013646288209606986	0.0002729257641921397	1	1
2257	0.003820960698689956	3664	T	D	0.003002183406113537	0.0002729257641921397	2	1
2258	0.0049126637554585155	3664	T	D	0.0024563318777292577	0	0	0
2259	0.005185589519650655	3664	G	D	0.0032751091703056767	0	0	0
2260	0.0032751091703056767	3664	T	D	0.001910480349344978	0.0002729257641921397	2	1
2261	0.001638001638001638	3663	T	C	0.001092001092001092	0.001365001365001365	1	5
2262	0.0038230475150191155	3662	G	D	0.0010922992900054614	0.00027307482250136535	2	1
2263	0.004096122337520481	3662	C	G	0.0024576734025122883	0.00027307482250136535	1	1
2264	0.009557618787547788	3662	A	D	0.006826870562534134	0.00027307482250136535	1	1
2265	0.005734571272528673	3662	A	G	0.004369197160021846	0	0	0
2266	0.013107591480065538	3662	T	G	0.009557618787547788	0.0005461496450027307	1	2
2267	0.004915346805024577	3662	A	C	0.002184598580010923	0.0008192244675040961	1	3
2268	0.0032768978700163844	3662	T	C	0.0019115237575095577	0.0010922992900054614	1	4
2269	0.0057361376673040155	3661	G	D	0.0032777929527451517	0.0002731494127287626	1	1
2270	0.0024596884394643345	3659	G	D	0.0010931948619841486	0.0005465974309920743	1	2
2271	0.006562756357670222	3657	C	G	0.002461033634126333	0.0038282745419742957	1	14
2272	0.002188782489740082	3655	A	G	0.0013679890560875513	0	0	0
2273	0.0049261083743842365	3654	G	A	0.0030103995621237	0.004105090311986864	1	15
2274	0.027101012866137423	3653	T	D	0.02272105119080208	0.0005474952094169176	2	2
2275	0.006296194908294552	3653	T	D	0.0038324664659184233	0.0002737476047084588	1	1
2276	0.001368738023542294	3653	T	C	0.0010949904188338351	0	0	0
2277	0.0005480953685941354	3649	T	C	0.0005480953685941354	0.000822143052891203	1	3
2278	0.0019337016574585636	3620	T	A	0.0011049723756906078	0.0013812154696132596	1	5
2279	0.014412416851441241	3608	G	C	0.011363636363636364	0	0	0
2280	0.0011092623405435386	3606	T	A	0.0005546311702717693	0.00027731558513588466	1	1
2281	0.0011098779134295228	3604	A	D	0.0005549389567147614	0	0	0
2282	0.0005557099194220616	3599	C	G	0.0005557099194220616	0	0	0
2283	0	3595	A	A	0	0	0	0
2284	0	3569	C	C	0	0	0	0
2285	0	3544	A	A	0	0	0	0
2286	0	13	A	A	0	0	0	0
