1233	0	3	T	T	0	0	0	0
1234	0	5	C	C	0	0	0	0
1235	0	7	C	C	0	0	0	0
1236	0.05555555555555555	18	A	C	0.05555555555555555	0	0	0
1237	0.0001607717041800643	6220	G	D	0.0001607717041800643	0	0	0
1238	0	6416	G	G	0	0.00015586034912718204	1	1
1239	0	6439	G	G	0	0	0	0
1240	0.00046569388388699164	6442	C	A	0.0003104625892579944	0.00388078236572493	1	25
1241	0.011452130096197893	6549	A	G	0.007176668193617346	0.0006107802717972209	1	4
1242	0.0009048408988086261	6631	A	G	0.0007540340823405218	0	0	0
1243	0.001808590806330068	6635	A	C	0.0015071590052750565	0.0024114544084400903	1	16
1244	0.004818551422978467	6641	C	A	0.0021081162475530793	0.0007528986598403855	2	5
1245	0.005563073222071869	6651	T	D	0.0027063599458728013	0.010374379792512404	1	69
1246	0.01562969642320409	6654	G	D	0.013525698827772768	0	0	0
1247	0.008415990381725278	6654	G	D	0.0037571385632702136	0.0033062819356777877	2	22
1248	0.028965931262194208	6663	A	D	0.019210565811196158	0.00015008254539996998	1	1
1249	0.00450112528132033	6665	A	G	0.0019504876219054764	0.000450112528132033	1	3
1250	0.0042004200420042	6666	A	G	0.0018001800180018	0	0	0
1251	0.025352535253525352	6666	G	T	0.011851185118511852	0.00075007500750075	1	5
1252	0.0032993401319736052	6668	A	D	0.001799640071985603	0.001949610077984403	1	13
1253	0.004648373069425701	6669	T	C	0.00299895036737142	0.003298845404108562	3	22
1254	0.008244640983360816	6671	T	C	0.006895517913356318	0.0023984410133413283	1	16
1255	0.014086617713172486	6673	G	D	0.0071931664918327585	0.0011988610819721264	1	8
1256	0.006293077614623914	6674	C	D	0.0028468684447108183	0.00014983518130056938	1	1
1257	0.011086142322097379	6675	T	C	0.007340823970037453	0.002397003745318352	1	16
1258	0.017228464419475654	6675	G	C	0.011835205992509363	0.000149812734082397	2	1
1259	0.0046434991012582385	6676	A	D	0.003145596165368484	0.0013481126423007788	1	9
1260	0.006440982624325944	6676	T	G	0.0035949670461354103	0.0011983223487118035	1	8
1261	0.005841821449970042	6676	T	G	0.002846015578190533	0.0014979029358897543	2	10
1262	0.0029953571963456643	6677	A	D	0.0017972143178073986	0.0010483750187209825	1	7
1263	0.00973491088812341	6677	T	G	0.006290250112325895	0.002845589336528381	1	19
1264	0.005840946532874045	6677	A	C	0.0023962857570765314	0	0	0
1265	0.0016474464579901153	6677	A	G	0.0007488392990864161	0.0008986071589036993	1	6
1266	0.003444144953578916	6678	T	G	0.0010482180293501049	0.001497454327643007	1	10
1267	0.010332434860736747	6678	T	C	0.00434261755016472	0.0010482180293501049	4	7
1268	0.004492362982929021	6678	A	C	0.0017969451931716084	0.0011979634621144056	2	8
1269	0.005839197484653391	6679	T	G	0.0020961221739781402	0.0026950142236861806	1	18
1270	0.008683934720766583	6679	A	D	0.0034436292858212305	0.0022458451864051506	1	15
1271	0.004491690372810301	6679	A	G	0.0020961221739781402	0.0008983380745620602	1	6
1272	0.003892798323102261	6679	A	G	0.0017966761491241205	0.0025452912112591706	1	17
1273	0.0031441832609672106	6679	T	C	0.0010480610869890701	0.0004491690372810301	2	3
1274	0.004341967360383291	6679	T	C	0.0022458451864051506	0.0010480610869890701	1	7
1275	0.005839197484653391	6679	A	C	0.0028447372361131906	0.0013475071118430903	1	9
1276	0.007035928143712575	6680	C	D	0.005688622754491018	0.0001497005988023952	4	1
1277	0.0034431137724550897	6680	C	D	0.0016467065868263472	0.0016467065868263472	4	11
1278	0.002095808383233533	6680	A	D	0.001347305389221557	0.0004491017964071856	1	3
1279	0.005239520958083832	6680	G	T	0.0029940119760479044	0.002694610778443114	1	18
1280	0.0010479041916167664	6680	A	D	0.0007485029940119761	0.0005988023952095808	5	4
1281	0.0014970059880239522	6680	T	C	0.0008982035928143712	0.0019461077844311378	2	13
1282	0.006736526946107785	6680	G	C	0.0034431137724550897	0.0004491017964071856	1	3
1283	0.001347305389221557	6680	A	D	0.0005988023952095808	0.0005988023952095808	1	4
1284	0.029341317365269463	6680	T	D	0.02784431137724551	0.0002994011976047904	3	2
1285	0.0008982035928143712	6680	T	D	0.0004491017964071856	0	0	0
1286	0.0011976047904191617	6680	T	D	0.0005988023952095808	0.0007485029940119761	1	5
1287	0.005089820359281437	6680	T	D	0.002095808383233533	0.007634730538922155	1	51
1288	0.004491017964071856	6680	A	D	0.003143712574850299	0.0004491017964071856	1	3
1289	0.004341317365269461	6680	C	D	0.0034431137724550897	0.0001497005988023952	3	1
1290	0.00718562874251497	6680	A	D	0.006137724550898204	0.0004491017964071856	2	3
1291	0.003143712574850299	6680	G	D	0.002095808383233533	0.0002994011976047904	1	2
1292	0.001347103726986978	6681	G	D	0.000598712767549768	0.00523873671606047	1	35
1293	0.00374195479718605	6681	C	T	0.00224517287831163	0.00074839095943721	2	5
1294	0.006885196826822332	6681	T	A	0.00299356383774884	0.001197425535099536	1	8
1295	0.007334231402484658	6681	G	A	0.004789702140398144	0.001796138302649304	2	12
1296	0.0074839095943721	6681	C	D	0.002694207453973956	0.001945816494536746	2	13
1297	0.007184553210597216	6681	G	D	0.004640023948510702	0.00149678191887442	3	10
1298	0.007184553210597216	6681	T	D	0.004939380332285586	0.000898069151324652	1	6
1299	0.003292920221523724	6681	T	C	0.002095494686424188	0.00074839095943721	4	5
1300	0.001047747343212094	6681	A	D	0.000598712767549768	0.000449034575662326	1	3
1301	0.0010475905417539658	6682	T	D	0.000299311583358276	0.0028434600419036215	2	19
1302	0.005686920083807243	6682	A	G	0.0028434600419036215	0.0004489673750374139	2	3
1303	0.007931756958994313	6682	G	A	0.004788985333732416	0.00074827895839569	1	5
1304	0.0050882969170906915	6682	C	T	0.0025441484585453458	0.0019455252918287938	2	13
1305	0.039509129003292426	6682	T	D	0.03606704579467225	0.000598623166716552	4	4
1306	0.03816222687818019	6682	T	D	0.030679437294223285	0.0037413947919784497	1	25
1307	0.055222987129601914	6682	G	D	0.03935947321161329	0.0022448368751870696	1	15
1308	0.054624363962885364	6682	G	A	0.045944328045495364	0.001197246333433104	1	8
1309	0.0026938042502244837	6682	A	D	0.0017958695001496557	0.001197246333433104	1	8
1310	0.008081412750673452	6682	A	D	0.0028434600419036215	0.002394492666866208	2	16
1311	0.05716851242143071	6682	T	A	0.042801556420233464	0.004788985333732416	1	32
1312	0.018407662376533972	6682	T	A	0.007033822208919485	0.0025441484585453458	1	17
1313	0.0839568991319964	6682	C	A	0.051481592337623464	0.00299311583358276	1	20
1314	0.013616639233877001	6683	T	D	0.006134969325153374	0.015412240011970672	1	103
1315	0.028579979051324256	6683	A	D	0.023342810115217716	0.0005985335926978902	1	4
1316	0.010175071075864133	6683	A	D	0.007481669908723627	0.0013467005835702528	1	9
1317	0.022145742929821938	6683	C	D	0.009576537483166243	0.00014963339817447254	1	1
1318	0.020350142151728267	6683	A	G	0.00942690408499177	0.004040101750710758	1	27
1319	0.006733502917851264	6683	A	G	0.004638635343408649	0.003291934759838396	2	22
1320	0.014215172826574892	6683	G	T	0.00703276971420021	0.0005985335926978902	2	4
1321	0.008678737094119407	6683	C	G	0.0034415681580128683	0.0002992667963489451	1	2
1322	0.010474337872213078	6683	T	D	0.007930570103247044	0.0011970671853957803	1	8
1323	0.005835702528804429	6683	T	C	0.0025437677689660334	0.0004489001945234176	1	3
1324	0.016908573993715398	6683	G	T	0.006134969325153374	0.001645967379919198	1	11
1325	0.0008978003890468353	6683	A	D	0.0007481669908723628	0.001645967379919198	1	11
1326	0.007481669908723627	6683	T	D	0.005087535537932067	0.0076313033068981	2	51
1327	0.005835702528804429	6683	T	D	0.0028430345653149783	0.0013467005835702528	1	9
1328	0.0228939099206943	6683	C	D	0.011372138261259913	0.00703276971420021	1	47
1329	0.010773604668562023	6683	T	D	0.007332036510549154	0.006434236121502319	1	43
1330	0.013766272632051473	6683	A	D	0.007481669908723627	0.0005985335926978902	1	4
1331	0.04129881789615442	6683	A	C	0.038455783330839446	0.00014963339817447254	1	1
1332	0.007780936705072572	6683	G	D	0.0037408349543618137	0.005087535537932067	1	34
1333	0.046984887026784376	6683	C	G	0.04474038605416729	0.0004489001945234176	2	3
1334	0.17147987430794553	6683	C	A	0.11865928475235672	0.001645967379919198	1	11
1335	0.01062397127038755	6683	T	A	0.006284602723327847	0.0008978003890468353	1	6
1336	0.01645967379919198	6683	A	C	0.00942690408499177	0.0017956007780936705	2	12
1337	0.013167739039353584	6683	G	A	0.00942690408499177	0.0002992667963489451	6	2
1338	0.004638635343408649	6683	T	C	0.0034415681580128683	0.0010474337872213078	1	7
1339	0.0013467005835702528	6683	G	D	0.0004489001945234176	0.00014963339817447254	1	1
1340	0.0023941343707915607	6683	G	D	0.0007481669908723628	0.0002992667963489451	3	2
1341	0.004040101750710758	6683	T	D	0.0020948675744426157	0.0028430345653149783	2	19
1342	0.005985335926978902	6683	A	D	0.0023941343707915607	0.0004489001945234176	2	3
1343	0.002992220227408737	6684	A	G	0.001047277079593058	0.002094554159186116	1	14
1344	0.003291442250149611	6684	T	C	0.0011968880909634949	0.002094554159186116	1	14
1345	0.009425493716337522	6684	T	C	0.004338719329742669	0.002992220227408737	1	20
1346	0.0062836624775583485	6684	A	C	0.0034410532615200477	0.002244165170556553	1	15
1347	0.00807899461400359	6684	T	C	0.0038898862956313583	0.005236385397965291	4	35
1348	0.12492519449431479	6684	A	G	0.12163375224416517	0.001047277079593058	2	7
1349	0.0034410532615200477	6684	A	T	0.0014961101137043686	0.002244165170556553	1	15
1350	0.0032909498878085264	6685	T	C	0.0014958863126402393	0.0010471204188481676	1	7
1351	0.005235602094240838	6685	T	G	0.0031413612565445027	0.0007479431563201197	1	5
1352	0.005385190725504862	6685	A	D	0.002393418100224383	0.0017950635751682873	1	12
1353	0.011967090501121914	6685	C	D	0.008227374719521317	0.0008975317875841437	1	6
1354	0.12834704562453253	6685	C	T	0.11982049364248318	0.0017950635751682873	1	12
1355	0.2344053851907255	6685	T	G	0.21854899027673896	0.0035901271503365746	2	24
1356	0.008825729244577411	6685	G	D	0.005235602094240838	0.004038893044128646	1	27
1357	0.00493642483171279	6685	T	G	0.0019446522064323112	0.0013462976813762154	2	9
1358	0.002692595362752431	6685	A	D	0.0010471204188481676	0.0031413612565445027	2	21
1359	0.0058339566192969336	6685	T	D	0.0017950635751682873	0.011667913238593867	1	78
1360	0.011219147344801795	6685	A	D	0.008526551982049364	0.0008975317875841437	2	6
1361	0.022587883320867613	6685	G	A	0.008676140613313389	0.0016454749439042632	3	11
1362	0.00987284966342558	6685	A	D	0.008825729244577411	0.002842183994016455	1	19
1363	0.01600598354525056	6685	T	D	0.012415856394913986	0.0010471204188481676	1	7
1364	0.01555721765145849	6685	T	D	0.013014210919970083	0.002393418100224383	1	16
1365	0.23664921465968586	6685	G	T	0.1913238593866866	0.0013462976813762154	1	9
1366	0.0737471952131638	6685	T	C	0.05011219147344802	0.002393418100224383	1	16
1367	0.0074794315632011965	6685	T	C	0.002842183994016455	0.0034405385190725505	1	23
1368	0.40598354525056096	6685	A	T	0.39461480927449516	0.00792819745699327	1	53
1369	0.009573672400897532	6685	A	D	0.004038893044128646	0.002842183994016455	2	19
1370	0.013462976813762155	6685	G	A	0.006432311144353029	0.0007479431563201197	1	5
1371	0.009274495138369483	6685	G	A	0.004188481675392671	0.00762902019446522	1	51
1372	0.01480927449513837	6685	A	D	0.00987284966342558	0.0005983545250560958	2	4
1373	0.004786836200448766	6685	A	T	0.0031413612565445027	0.002243829468960359	1	15
1374	0.016604338070306656	6685	G	A	0.006432311144353029	0.004637247569184742	2	31
1375	0.008825729244577411	6685	T	D	0.005235602094240838	0.004188481675392671	2	28
1376	0.03485415108451757	6685	C	D	0.011518324607329843	0.010321615557217651	2	69
1377	0.00792819745699327	6685	T	D	0.0032909498878085264	0.01600598354525056	2	107
1378	0.023335826477187734	6685	A	D	0.010620792819745699	0.006581899775617053	1	44
1379	0.009573672400897532	6685	A	G	0.0062827225130890054	0.004637247569184742	1	31
1380	0.16559461480927448	6685	G	A	0.13118922961854898	0	0	0
1381	0.03545250560957367	6685	C	T	0.020344053851907254	0.0016454749439042632	1	11
1382	0.0025430067314884067	6685	T	D	0.0011967090501121915	0.0010471204188481676	1	7
1383	0.01974569932685116	6685	C	T	0.011219147344801795	0.0008975317875841437	1	6
1384	0.002692595362752431	6685	A	D	0.0010471204188481676	0	0	0
1385	0.00014958863126402394	6685	A	D	0.00014958863126402394	0	0	0
1386	0.0010471204188481676	6685	A	G	0.0007479431563201197	0.0004487658937920718	1	3
1387	0.002842183994016455	6685	C	G	0.0011967090501121915	0.00014958863126402394	2	1
1388	0.0014958863126402393	6685	C	T	0.0011967090501121915	0.002692595362752431	1	18
1389	0.0014958863126402393	6685	T	C	0.0008975317875841437	0.0004487658937920718	1	3
1390	0.0005983545250560958	6685	T	D	0.0002991772625280479	0.00014958863126402394	1	1
1391	0.0005983545250560958	6685	T	D	0.0002991772625280479	0.0002991772625280479	2	2
1392	0.0011967090501121915	6685	T	D	0.0007479431563201197	0.007329842931937173	1	49
1393	0.13986537023186238	6685	G	D	0.13657442034405384	0.005235602094240838	1	35
1394	0.13971578160059836	6685	A	D	0.13582647718773372	0.00014958863126402394	1	1
1395	0.015108451757666418	6685	G	D	0.00912490650710546	0.008526551982049364	1	57
1396	0.006881077038145101	6685	A	D	0.005534779356768885	0.00014958863126402394	1	1
1397	0.008825729244577411	6685	G	D	0.0037397157816005983	0.0017950635751682873	1	12
1398	0.002243829468960359	6685	A	D	0.0014958863126402393	0	0	0
1399	0.012266267763649962	6685	G	D	0.0062827225130890054	0.0013462976813762154	1	9
1400	0.00912490650710546	6685	A	D	0.008077786088257292	0.0007479431563201197	1	5
1401	0.0062827225130890054	6685	T	D	0.0037397157816005983	0.00014958863126402394	1	1
1402	0.004637247569184742	6685	A	D	0.0029917726252804786	0.0007479431563201197	1	5
1403	0.008227374719521317	6685	T	D	0.005385190725504862	0.0004487658937920718	1	3
1404	0.004637247569184742	6685	T	D	0.0016454749439042632	0.0002991772625280479	1	2
1405	0.0038893044128646224	6685	T	C	0.0020942408376963353	0.0004487658937920718	1	3
1406	0.012565445026178011	6685	C	G	0.0058339566192969336	0.0010471204188481676	1	7
1407	0.011518324607329843	6685	A	G	0.006731488406881077	0.0005983545250560958	2	4
1408	0.0025430067314884067	6685	A	C	0.0013462976813762154	0.006133133881824981	1	41
1409	0.007777445408315884	6686	C	D	0.004486987735566856	0.0028417588991923423	1	19
1410	0.006880047861202512	6686	T	D	0.0043374214777146276	0.007777445408315884	1	52
1411	0.04516900987137302	6686	G	A	0.025874962608435536	0.01645228836374514	1	110
1412	0.006281782829793599	6686	A	D	0.004636553993419085	0.0004486987735566856	3	3
1413	0.0011965300628178283	6686	A	T	0.0005982650314089142	0.0004486987735566856	1	3
1414	0.007776282338866457	6687	A	G	0.003589053387169134	0.004037685060565276	1	27
1415	0.018692986391505906	6687	T	D	0.01420666965754449	0.001794526693584567	5	12
1416	0.025871093165844176	6687	C	D	0.01256168685509197	0.008075370121130552	1	54
1417	0.005682667863017796	6687	T	D	0.0037385972783011813	0.0022431583669807087	1	15
1418	0.010019440705847166	6687	A	C	0.005234036189621654	0.001196351129056378	2	8
1419	0.0029908778226409452	6687	T	D	0.0020936144758486614	0.001794526693584567	1	12
1420	0.017795723044713625	6687	C	D	0.01091670405263945	0.0010468072379243307	1	7
1421	0.014954389113204725	6687	A	D	0.008374457903394646	0.00044863167339614175	1	3
1422	0.00927172125018693	6687	G	D	0.006579931209810079	0.00044863167339614175	1	3
1423	0.003589053387169134	6687	G	D	0.0026917900403768506	0.000598175564528189	1	4
1424	0.011215791834903545	6687	C	D	0.008673545685658741	0.0019440705847166143	1	13
1425	0.026917900403768506	6687	C	D	0.009122177359054883	0.002392702258112756	1	16
1426	0.03394138755980861	6688	G	A	0.014952153110047847	0.0026913875598086126	1	18
1427	0.015101674641148326	6688	G	A	0.009718899521531101	0.001644736842105263	2	11
1428	0.008074162679425838	6688	T	A	0.0037380382775119617	0.006429425837320574	1	43
1429	0.00194377990430622	6688	A	D	0.0008971291866028708	0.0010466507177033493	1	7
1430	0.03184808612440192	6688	A	G	0.01465311004784689	0.0010466507177033493	2	7
1431	0.029754784688995214	6688	C	A	0.012410287081339713	0.001644736842105263	4	11
1432	0.005681818181818182	6688	A	G	0.003438995215311005	0.0014952153110047847	2	10
1433	0.3760466507177033	6688	A	G	0.3591507177033493	0.001644736842105263	1	11
1434	0.003438995215311005	6688	A	G	0.0011961722488038277	0.0017942583732057417	1	12
1435	0.004783973688144715	6689	C	T	0.0016444909552997457	0.0023919868440723576	1	16
1436	0.00508297204365376	6689	C	T	0.0028404843773359245	0.020630886530124085	1	138
1437	0.005979967110180894	6689	T	D	0.004036477799372103	0.0014949917775452235	1	10
1438	0.003886978621617581	6689	T	D	0.0017939901330542682	0.00044849753326356705	3	3
1439	0.004335476154881148	6689	G	C	0.0019434893108087904	0.0005979967110180894	1	4
1440	0.00508297204365376	6689	T	D	0.0023919868440723576	0.003438481088354014	1	23
1441	0.0023919868440723576	6689	A	D	0.0016444909552997457	0.0002989983555090447	1	2
1442	0.0011959934220361788	6689	A	D	0.0005979967110180894	0.00014949917775452235	2	1
1443	0.18777096725968007	6689	T	A	0.12139333233667216	0.0008969950665271341	1	6
1444	0.004634474510390193	6689	G	D	0.0019434893108087904	0.0002989983555090447	1	2
1445	0.002242487666317835	6689	G	D	0.0019434893108087904	0.00014949917775452235	2	1
1446	0.12004783973688145	6689	T	D	0.11810435042607266	0.0002989983555090447	1	2
1447	0.12348632082523546	6689	G	D	0.12229032740319928	0.0010464942442816563	1	7
1448	0.12483181342502617	6689	T	D	0.12363582000298998	0.003438481088354014	1	23
1449	0.01016594408730752	6689	T	D	0.00837195395425325	0.0010464942442816563	3	7
1450	0.13021378382418897	6689	G	A	0.11720735535954552	0.002242487666317835	1	15
1451	0.13604425175661533	6689	C	A	0.12214082822544477	0.00044849753326356705	1	3
1452	0.004634474510390193	6689	A	D	0.002690985199581402	0.00044849753326356705	1	3
1453	0.003886978621617581	6689	G	D	0.0020929884885633127	0.0005979967110180894	3	4
1454	0.002690985199581402	6689	G	D	0.0010464942442816563	0.0017939901330542682	1	12
1455	0.007026461354462551	6689	T	D	0.003737479443863059	0.015099416953206758	1	101
1456	0.04769023770369263	6689	C	T	0.04410225743758409	0.0011959934220361788	2	8
1457	0.02481686350725071	6689	C	T	0.019883390641351473	0.0017939901330542682	1	12
1458	0.02302287337419644	6689	T	G	0.01793990133054268	0	0	0
1459	0.01210943339811631	6689	A	G	0.007175960532217073	0.00014949917775452235	1	1
1460	0.00448497533263567	6689	A	C	0.0014949917775452235	0.0017939901330542682	2	12
1461	0.007175960532217073	6689	T	D	0.004933472865899237	0.0008969950665271341	1	6
1462	0.020182388996860517	6689	T	C	0.009866945731798474	0.0017939901330542682	1	12
1463	0.010913439976080132	6689	G	D	0.007923456420989685	0.001345492599790701	1	9
1464	0.014202421886679624	6689	T	D	0.010016444909552998	0.0007474958887726118	1	5
1465	0.008820451487516819	6689	T	D	0.007474958887726118	0.001345492599790701	1	9
1466	0.02033188817461504	6689	A	D	0.015547914486470324	0.00044849753326356705	1	3
1467	0.018089400508297205	6689	C	D	0.008670952309762297	0.0010464942442816563	2	7
1468	0.012856929286888922	6689	T	D	0.00956794737628943	0.0032889819105994915	1	22
1469	0.1838839886380625	6689	C	T	0.17880101659440872	0.003886978621617581	2	26
1470	0.003886978621617581	6689	T	C	0.002690985199581402	0.0005979967110180894	1	4
1471	0.002690985199581402	6689	C	D	0.0016444909552997457	0.0007474958887726118	2	5
1472	0.0019434893108087904	6689	C	D	0.0007474958887726118	0.00837195395425325	1	56
1473	0.042457766482284345	6689	T	D	0.0394677829271939	0.00014949917775452235	1	1
1474	0.002242487666317835	6689	T	D	0.0017939901330542682	0.0007474958887726118	1	5
1475	0.005531469576917327	6689	T	D	0.0031394827328449695	0.0019434893108087904	1	13
1476	0.006129466287935416	6689	A	D	0.0035879802661085364	0.0017939901330542682	1	12
1477	0.008222454776498729	6689	C	D	0.004036477799372103	0.0028404843773359245	1	19
1478	0.006577963821198983	6689	A	G	0.003438481088354014	0.0011959934220361788	2	8
1479	0.00254148602182688	6689	A	D	0.0010464942442816563	0.004335476154881148	3	29
1480	0.0028404843773359245	6689	T	C	0.001345492599790701	0.0014949917775452235	1	10
1481	0.008820451487516819	6689	C	G	0.003737479443863059	0.0010464942442816563	1	7
1482	0.005980861244019139	6688	A	G	0.004485645933014354	0.0046351674641148324	2	31
1483	0.005532296650717704	6688	T	G	0.003289473684210526	0.0013456937799043063	1	9
1484	0.006429425837320574	6688	A	C	0.0020933014354066986	0.004336124401913876	1	29
1485	0.004784688995215311	6688	T	C	0.002541866028708134	0.0035885167464114833	1	24
1486	0.013905502392344497	6688	G	C	0.007027511961722488	0.0023923444976076554	1	16
1487	0.007476076555023923	6688	G	A	0.003289473684210526	0.0010466507177033493	1	7
1488	0.008521453132007775	6689	T	A	0.004185976977126625	0.0002989983555090447	1	2
1489	0.007923456420989685	6689	T	C	0.004634474510390193	0.00044849753326356705	2	3
1490	0.004335476154881148	6689	T	A	0.0019434893108087904	0.00254148602182688	1	17
1491	0.020032889819105996	6689	C	D	0.015547914486470324	0.004634474510390193	2	31
1492	0.02616235610704141	6689	C	T	0.013753924353416056	0.044849753326356705	1	300
1493	0.043803259082075045	6689	G	A	0.02302287337419644	0.003886978621617581	1	26
1494	0.01584691284197937	6689	A	G	0.01210943339811631	0.0007474958887726118	1	5
1495	0.030647331439677083	6689	C	D	0.013903423531170578	0.0008969950665271341	2	6
1496	0.01883408071748879	6690	C	T	0.01733931240657698	0.0019431988041853513	1	13
1497	0.04947683109118087	6690	C	G	0.042152466367713005	0.005829596412556054	1	39
1498	0.0020926756352765323	6690	A	D	0.0010463378176382662	0.0010463378176382662	1	7
1499	0.0037369207772795215	6690	C	T	0.0025411061285500747	0.008520179372197309	1	57
1500	0.005082212257100149	6690	T	G	0.003288490284005979	0.002242152466367713	1	15
1501	0.026457399103139014	6690	T	D	0.013751868460388639	0.0007473841554559044	3	5
1502	0.00881913303437967	6690	A	C	0.006726457399103139	0.0004484304932735426	2	3
1503	0.013751868460388639	6690	T	C	0.011808669656203289	0.002391629297458894	1	16
1504	0.004484304932735426	6690	G	T	0.0016442451420029896	0.0008968609865470852	1	6
1505	0.005680119581464873	6690	G	D	0.004633781763826607	0.0013452914798206279	1	9
1506	0.011509715994020927	6690	T	D	0.005680119581464873	0.00014947683109118088	2	1
1507	0.0068759342301943195	6690	G	T	0.0025411061285500747	0.0005979073243647235	2	4
1508	0.005530642750373692	6690	T	G	0.0017937219730941704	0.003139013452914798	2	21
1509	0.01031390134529148	6690	T	C	0.007922272047832586	0.0013452914798206279	1	9
1510	0.011360239162929745	6690	G	A	0.005530642750373692	0.0007473841554559044	1	5
1511	0.0068759342301943195	6690	G	A	0.003288490284005979	0	0	0
1512	0.004484304932735426	6690	T	D	0.0017937219730941704	0.003139013452914798	5	21
1513	0.012705530642750373	6690	C	T	0.007623318385650224	0.0016442451420029896	2	11
1514	0.0037369207772795215	6690	A	D	0.0017937219730941704	0.0007473841554559044	1	5
1515	0.004783258594917788	6690	C	D	0.002242152466367713	0.0019431988041853513	1	13
1516	0.007324364723467863	6690	C	T	0.003587443946188341	0.004484304932735426	1	30
1517	0.00837070254110613	6690	A	G	0.005680119581464873	0.003288490284005979	3	22
1518	0.0026905829596412557	6690	A	C	0.0010463378176382662	0.00029895366218236175	1	2
1519	0.002391629297458894	6690	C	T	0.0010463378176382662	0.002242152466367713	2	15
1520	0.005082212257100149	6690	C	G	0.0037369207772795215	0.0014947683109118087	3	10
1521	0.003139013452914798	6690	A	G	0.0019431988041853513	0.0010463378176382662	3	7
1522	0.0013452914798206279	6690	T	D	0.0005979073243647235	0.0016442451420029896	2	11
1523	0.007025411061285501	6690	A	D	0.005979073243647235	0.001195814648729447	1	8
1524	0.00523168908819133	6690	C	D	0.0029895366218236174	0.0014947683109118087	3	10
1525	0.014200298953662182	6690	A	D	0.013602391629297458	0.00029895366218236175	1	2
1526	0.02272047832585949	6690	G	D	0.01898355754857997	0.0019431988041853513	3	13
1527	0.01390134529147982	6690	A	D	0.013303437967115098	0.00029895366218236175	3	2
1528	0.016292974588938716	6690	G	D	0.014050822122571001	0.0004484304932735426	3	3
1529	0.016591928251121078	6690	T	D	0.01569506726457399	0.003139013452914798	3	21
1530	0.00837070254110613	6690	A	C	0.0029895366218236174	0.0005979073243647235	2	4
1531	0.00866965620328849	6690	G	A	0.004633781763826607	0.0008968609865470852	2	6
1532	0.010612855007473842	6690	T	D	0.007623318385650224	0.003139013452914798	1	21
1533	0.006278026905829596	6690	A	C	0.0029895366218236174	0.0008968609865470852	1	6
1534	0.009865470852017937	6690	G	D	0.005979073243647235	0.003288490284005979	1	22
1535	0.005829596412556054	6690	T	D	0.0028400597907324364	0.0005979073243647235	2	4
1536	0.01046337817638266	6690	A	D	0.003288490284005979	0.0019431988041853513	2	13
1537	0.01674140508221226	6690	C	T	0.010911808669656204	0.0025411061285500747	1	17
1538	0.010014947683109118	6690	T	D	0.007324364723467863	0.0010463378176382662	1	7
1539	0.0029895366218236174	6690	T	C	0.0014947683109118087	0.0007473841554559044	2	5
1540	0.005829596412556054	6690	T	C	0.003139013452914798	0.0005979073243647235	1	4
1541	0.005979073243647235	6690	C	D	0.002391629297458894	0.014798206278026907	1	99
1542	0.02571001494768311	6690	T	D	0.02406576980568012	0.0008968609865470852	1	6
1543	0.0038863976083707025	6690	T	D	0.0029895366218236174	0.00029895366218236175	5	2
1544	0.0013452914798206279	6690	T	C	0.0008968609865470852	0.0005979073243647235	2	4
1545	0.003288490284005979	6690	T	C	0.0028400597907324364	0.0038863976083707025	2	26
1546	0.013303437967115098	6690	G	D	0.004484304932735426	0.0007473841554559044	1	5
1547	0.0029895366218236174	6690	A	D	0.002391629297458894	0.00029895366218236175	2	2
1548	0.004035874439461884	6690	A	G	0.002391629297458894	0.0004484304932735426	1	3
1549	0.0068759342301943195	6690	C	T	0.0028400597907324364	0.0005979073243647235	1	4
1550	0.004334828101644245	6690	T	D	0.0029895366218236174	0	0	0
1551	0.001195814648729447	6690	T	A	0.0004484304932735426	0.0010463378176382662	2	7
1552	0.0053811659192825115	6690	C	T	0.002242152466367713	0.0008968609865470852	1	6
1553	0.00837070254110613	6690	T	G	0.004035874439461884	0.005082212257100149	1	34
1554	0.0025411061285500747	6690	A	D	0.0017937219730941704	0.0007473841554559044	1	5
1555	0.004334828101644245	6690	C	G	0.0025411061285500747	0.0005979073243647235	1	4
1556	0.004185351270553065	6690	A	D	0.003288490284005979	0.001195814648729447	1	8
1557	0.004185351270553065	6690	T	D	0.002391629297458894	0.001195814648729447	1	8
1558	0.004334828101644245	6690	G	D	0.0029895366218236174	0.001195814648729447	1	8
1559	0.0034379671150971598	6690	C	D	0.0019431988041853513	0.0004484304932735426	1	3
1560	0.0019431988041853513	6690	A	D	0.001195814648729447	0.00014947683109118088	1	1
1561	0.011061285500747383	6690	C	T	0.009267563527653214	0.0005979073243647235	2	4
1562	0.0038863976083707025	6690	C	D	0.0016442451420029896	0.0017937219730941704	1	12
1563	0.004484304932735426	6690	A	G	0.0020926756352765323	0.0004484304932735426	1	3
1564	0.01046337817638266	6690	G	A	0.008520179372197309	0.0005979073243647235	2	4
1565	0.004484304932735426	6690	C	D	0.0028400597907324364	0.0008968609865470852	2	6
1566	0.0019431988041853513	6690	A	D	0.001195814648729447	0.00029895366218236175	3	2
1567	0.0010463378176382662	6690	A	G	0.00029895366218236175	0.0004484304932735426	1	3
1568	0.0008968609865470852	6690	C	D	0.0004484304932735426	0.0020926756352765323	1	14
1569	0.0016442451420029896	6690	T	D	0.001195814648729447	0.00029895366218236175	1	2
1570	0.007173815573157973	6691	G	T	0.0032879988043640713	0.0005978179644298311	2	4
1571	0.006426543117620685	6691	T	G	0.0029890898221491555	0.0008967269466447467	3	6
1572	0.002241817366611867	6691	T	C	0.0008967269466447467	0.0011956359288596622	1	8
1573	0.002092362875504409	6691	T	D	0.0008967269466447467	0.0007472724555372889	1	5
1574	0.0050814526976535645	6691	G	C	0.002092362875504409	0.00029890898221491554	2	2
1575	0.00269018083993424	6691	T	C	0.0016439994021820357	0.001942908384396951	1	13
1576	0.002242152466367713	6690	G	D	0.0013452914798206279	0.0004484304932735426	1	3
1577	0.002391629297458894	6690	G	A	0.001195814648729447	0.0008968609865470852	1	6
1578	0.0016442451420029896	6690	A	D	0.0004484304932735426	0.0010463378176382662	1	7
1579	0.0026905829596412557	6690	C	D	0.001195814648729447	0.001195814648729447	1	8
1580	0.003139013452914798	6690	C	T	0.0014947683109118087	0.0005979073243647235	1	4
1581	0.003587443946188341	6690	T	D	0.002391629297458894	0.023467862481315396	1	157
1582	0.07369207772795217	6690	A	D	0.06651718983557549	0.0004484304932735426	1	3
1583	0.01898355754857997	6690	A	D	0.0171898355754858	0.00029895366218236175	3	2
1584	0.003587443946188341	6690	A	D	0.0029895366218236174	0.0004484304932735426	5	3
1585	0.0028400597907324364	6690	A	D	0.001195814648729447	0.0005979073243647235	1	4
1586	0.0068759342301943195	6690	A	G	0.003288490284005979	0.0010463378176382662	1	7
1587	0.017040358744394617	6690	G	C	0.007623318385650224	0.004633781763826607	1	31
1588	0.011808669656203289	6690	T	D	0.006278026905829596	0.0016442451420029896	1	11
1589	0.015994020926756353	6690	C	T	0.007623318385650224	0.005082212257100149	1	34
1590	0.010762331838565023	6690	T	D	0.004783258594917788	0.015246636771300448	1	102
1591	0.007623318385650224	6690	A	D	0.004932735426008968	0.0010463378176382662	2	7
1592	0.01943198804185351	6690	C	T	0.01390134529147982	0.0008968609865470852	1	6
1593	0.01674140508221226	6690	T	G	0.012556053811659192	0.0019431988041853513	1	13
1594	0.00837070254110613	6690	A	G	0.004932735426008968	0.0004484304932735426	1	3
1595	0.0014947683109118087	6690	A	T	0.0007473841554559044	0.00014947683109118088	2	1
1596	0.003288490284005979	6690	T	D	0.0020926756352765323	0.0007473841554559044	2	5
1597	0.0004484304932735426	6690	T	C	0.00029895366218236175	0.0004484304932735426	1	3
1598	0.0028400597907324364	6690	T	C	0.0014947683109118087	0.0008968609865470852	1	6
1599	0.008968609865470852	6690	G	C	0.007473841554559043	0.00029895366218236175	1	2
1600	0.003139013452914798	6690	G	A	0.0019431988041853513	0.0020926756352765323	1	14
1601	0.0008968609865470852	6690	T	D	0.0007473841554559044	0.00014947683109118088	1	1
1602	0.0008968609865470852	6690	T	D	0.0004484304932735426	0.008071748878923767	1	54
1603	0.004932735426008968	6690	A	D	0.004932735426008968	0.00014947683109118088	1	1
1604	0.0031385443132566134	6691	A	D	0.001942908384396951	0.00014945449110745777	1	1
1605	0.0032879988043640713	6691	A	D	0.0017934538932894933	0.00014945449110745777	1	1
1606	0.00269018083993424	6691	A	G	0.002092362875504409	0	0	0
1607	0.002241817366611867	6691	A	G	0.00134509041996712	0	0	0
1608	0.00269018083993424	6691	C	D	0.0011956359288596622	0.0014945449110745778	1	10
1609	0.006575997608728143	6691	A	G	0.004184725751008818	0.0005978179644298311	1	4
1610	0.0007472724555372889	6691	A	G	0.0007472724555372889	0.0005978179644298311	1	4
1611	0.001195814648729447	6690	A	G	0.0004484304932735426	0.00014947683109118088	1	1
1612	0.002242152466367713	6690	T	D	0.0008968609865470852	0	0	0
1613	0.0034379671150971598	6690	G	D	0.001195814648729447	0.0008968609865470852	1	6
1614	0.0037369207772795215	6690	T	C	0.0029895366218236174	0.00014947683109118088	1	1
1615	0.0053811659192825115	6690	G	C	0.0029895366218236174	0.00014947683109118088	1	1
1616	0.0014947683109118087	6690	T	D	0.0008968609865470852	0.00014947683109118088	1	1
1617	0.0068759342301943195	6690	C	D	0.003139013452914798	0.0016442451420029896	1	11
1618	0.007473841554559043	6690	A	D	0.004035874439461884	0.00014947683109118088	1	1
1619	0.0019431988041853513	6690	A	G	0.0008968609865470852	0.0005979073243647235	1	4
1620	0.002391629297458894	6690	T	C	0.001195814648729447	0.00029895366218236175	1	2
1621	0.0007473841554559044	6690	T	A	0.00029895366218236175	0.00014947683109118088	1	1
1622	0.0025411061285500747	6690	T	C	0.0017937219730941704	0.0005979073243647235	1	4
1623	0.004932735426008968	6690	C	A	0.0016442451420029896	0.0007473841554559044	1	5
1624	0.004334828101644245	6690	A	D	0.002391629297458894	0.00014947683109118088	1	1
1625	0.0010463378176382662	6690	A	D	0.0004484304932735426	0.0019431988041853513	1	13
1626	0.005530642750373692	6690	C	T	0.0034379671150971598	0	0	0
1627	0.0014947683109118087	6690	T	C	0.0008968609865470852	0	0	0
1628	0.0007473841554559044	6690	T	D	0.0004484304932735426	0.0004484304932735426	1	3
1629	0.0026905829596412557	6690	C	G	0.0010463378176382662	0.0007473841554559044	3	5
1630	0.0038863976083707025	6690	A	G	0.0020926756352765323	0.00014947683109118088	3	1
1631	0.001195814648729447	6690	A	G	0.0007473841554559044	0.00014947683109118088	4	1
1632	0.0016442451420029896	6690	T	C	0.0013452914798206279	0.0004484304932735426	1	3
1633	0.007772795216741405	6690	G	C	0.005680119581464873	0.00014947683109118088	1	1
1634	0.0028400597907324364	6690	G	A	0.0019431988041853513	0.00014947683109118088	1	1
1635	0.0034379671150971598	6690	T	G	0.0019431988041853513	0	0	0
1636	0.0008968609865470852	6690	T	C	0.0004484304932735426	0.0005979073243647235	1	4
1637	0.0014947683109118087	6690	T	C	0.0008968609865470852	0.0029895366218236174	1	20
1638	0.004484304932735426	6690	A	D	0.0034379671150971598	0.0007473841554559044	1	5
1639	0.004185351270553065	6690	A	G	0.0029895366218236174	0.0007473841554559044	4	5
1640	0.003587443946188341	6690	C	G	0.0014947683109118087	0.00029895366218236175	1	2
1641	0.0034379671150971598	6690	A	D	0.0014947683109118087	0.002242152466367713	2	15
1642	0.0029895366218236174	6690	G	D	0.0014947683109118087	0.0005979073243647235	1	4
1643	0.0026905829596412557	6690	G	D	0.0014947683109118087	0.0005979073243647235	1	4
1644	0.005979073243647235	6690	C	D	0.0037369207772795215	0.0010463378176382662	1	7
1645	0.006128550074738416	6690	A	G	0.003288490284005979	0.0016442451420029896	1	11
1646	0.004782543715438649	6691	C	D	0.002092362875504409	0.00029890898221491554	1	2
1647	0.004782543715438649	6691	A	D	0.0032879988043640713	0.0005978179644298311	1	4
1648	0.010611268868629502	6691	G	D	0.008219997010910177	0.00044836347332237334	2	3
1649	0.003437453295471529	6691	G	D	0.0017934538932894933	0.00014945449110745777	1	1
1650	0.007921088028695263	6691	T	D	0.003885816768793902	0.00029890898221491554	1	2
1651	0.010013450904199672	6691	G	D	0.004633089224331191	0.011209086833059333	1	75
1652	0.014048722164101031	6691	T	D	0.010461814377522045	0.0010461814377522045	6	7
1653	0.009116723957554924	6691	T	D	0.003885816768793902	0.0031385443132566134	2	21
1654	0.06321924973845464	6691	C	T	0.04005380361679869	0.001942908384396951	1	13
1655	0.06396652219399193	6691	T	C	0.043341802421162756	0.003437453295471529	1	23
1656	0.012255268270811538	6691	T	D	0.0070243610820505155	0.005230907188761022	1	35
1657	0.03497235091914512	6691	A	D	0.025108354506052907	0.0025407263488267822	3	17
1658	0.01195814648729447	6690	C	D	0.0068759342301943195	0.003288490284005979	1	22
1659	0.009565087430877297	6691	T	C	0.004483634733223734	0.0070243610820505155	1	47
1660	0.14272903900762218	6691	G	A	0.11238977731280825	0.0134509041996712	1	90
1661	0.023019431988041853	6690	A	D	0.013004484304932735	0.0007473841554559044	2	5
1662	0.014798206278026907	6690	G	A	0.006576980568011958	0.004035874439461884	1	27
1663	0.010014947683109118	6690	T	A	0.004035874439461884	0.0019431988041853513	1	13
1664	0.021524663677130046	6690	C	A	0.011061285500747383	0.004334828101644245	1	29
1665	0.01898355754857997	6690	T	D	0.015844544095665172	0.013751868460388639	1	92
1666	0.008221225710014948	6690	A	D	0.0037369207772795215	0.003288490284005979	1	22
1667	0.004633781763826607	6690	A	G	0.0017937219730941704	0.0004484304932735426	2	3
1668	0.004783258594917788	6690	C	A	0.0014947683109118087	0.010164424514200299	1	68
1669	0.0167439079085065	6689	A	D	0.014351921064434146	0.0002989983555090447	1	2
1670	0.006428464643444461	6689	A	D	0.004634474510390193	0	0	0
1671	0.002242487666317835	6689	A	D	0.0016444909552997457	0.00014949917775452235	1	1
1672	0.004783973688144715	6689	A	G	0.0023919868440723576	0.00044849753326356705	1	3
1673	0.0029904306220095694	6688	A	G	0.0013456937799043063	0.00014952153110047846	2	1
1674	0.02452153110047847	6688	G	C	0.01360645933014354	0.0023923444976076554	1	16
1675	0.021680622009569377	6688	T	D	0.01689593301435407	0.0002990430622009569	1	2
1676	0.009718899521531101	6688	T	C	0.008971291866028708	0.0004485645933014354	3	3
1677	0.0020933014354066986	6688	T	G	0.0010466507177033493	0.001644736842105263	1	11
1678	0.005681818181818182	6688	C	D	0.00194377990430622	0.0002990430622009569	1	2
1679	0.003438995215311005	6688	T	C	0.0013456937799043063	0.0011961722488038277	1	8
1680	0.005681818181818182	6688	G	C	0.0020933014354066986	0.0007476076555023923	1	5
1681	0.004934210526315789	6688	C	D	0.0029904306220095694	0.0002990430622009569	4	2
1682	0.002840909090909091	6688	C	T	0.0017942583732057417	0.015699760765550238	1	105
1683	0.02721291866028708	6688	T	D	0.02646531100478469	0.0004485645933014354	3	3
1684	0.0014952153110047847	6688	T	D	0.0013456937799043063	0.0002990430622009569	3	2
1685	0.005382775119617225	6688	T	D	0.002840909090909091	0.0008971291866028708	1	6
1686	0.014055023923444977	6688	C	D	0.008074162679425838	0.00014952153110047846	2	1
1687	0.010466507177033494	6688	C	D	0.005382775119617225	0.0010466507177033493	1	7
1688	0.011363636363636364	6688	A	D	0.007625598086124402	0.002541866028708134	1	17
1689	0.0023923444976076554	6688	A	D	0.001644736842105263	0.0002990430622009569	4	2
1690	0.0062799043062200955	6688	C	G	0.0031399521531100478	0.0002990430622009569	1	2
1691	0.004336124401913876	6688	A	G	0.003289473684210526	0.0004485645933014354	2	3
1692	0.004783973688144715	6689	A	T	0.0032889819105994915	0.0002989983555090447	3	2
1693	0.007325459709971595	6689	T	D	0.004933472865899237	0.00254148602182688	3	17
1694	0.0019434893108087904	6689	T	C	0.0014949917775452235	0.0007474958887726118	2	5
1695	0.00254148602182688	6689	T	C	0.0016444909552997457	0.0007474958887726118	1	5
1696	0.005232471221408282	6689	G	D	0.004335476154881148	0.00044849753326356705	1	3
1697	0.0014949917775452235	6689	G	D	0.0008969950665271341	0.00014949917775452235	1	1
1698	0.002989983555090447	6689	C	D	0.0020929884885633127	0.0016444909552997457	1	11
1699	0.002690985199581402	6689	A	D	0.0020929884885633127	0.0008969950665271341	1	6
1700	0.006876962176708028	6689	G	D	0.0028404843773359245	0.0017939901330542682	1	12
1701	0.0019434893108087904	6689	A	D	0.0011959934220361788	0.0010464942442816563	3	7
1702	0.013604425175661534	6689	G	A	0.010614441620571086	0.0010464942442816563	1	7
1703	0.013155927642397966	6689	A	G	0.009119449843025863	0.00014949917775452235	1	1
1704	0.0028404843773359245	6689	C	T	0.001345492599790701	0.0008969950665271341	3	6
1705	0.0014947683109118087	6690	A	D	0.0007473841554559044	0.0010463378176382662	2	7
1706	0.005082212257100149	6690	T	D	0.0028400597907324364	0.0010463378176382662	3	7
1707	0.002391629297458894	6690	T	D	0.001195814648729447	0.0010463378176382662	1	7
1708	0.0037369207772795215	6690	G	T	0.001195814648729447	0.0013452914798206279	1	9
1709	0.1070254110612855	6690	C	T	0.10328849028400598	0.0008968609865470852	1	6
1710	0.0038863976083707025	6690	T	C	0.0020926756352765323	0.002391629297458894	1	16
1711	0.018086696562032885	6690	G	D	0.007324364723467863	0.0020926756352765323	1	14
1712	0.00866965620328849	6690	A	D	0.004185351270553065	0.0020926756352765323	1	14
1713	0.0029895366218236174	6690	C	D	0.0016442451420029896	0.0005979073243647235	3	4
1714	0.009417040358744395	6690	A	D	0.005829596412556054	0.002391629297458894	1	16
1715	0.015097159940209267	6690	C	D	0.007174887892376682	0.0014947683109118087	1	10
1716	0.01554559043348281	6690	T	D	0.006278026905829596	0.003139013452914798	1	21
1717	0.00866965620328849	6690	A	D	0.004334828101644245	0.0017937219730941704	1	12
1718	0.027503736920777278	6690	C	T	0.024364723467862483	0.0028400597907324364	1	19
1719	0.010910177850844418	6691	T	D	0.006426543117620685	0.0017934538932894933	1	12
1720	0.03317889702585563	6691	G	C	0.02824689881930952	0.0016439994021820357	1	11
1721	0.001942908384396951	6691	A	D	0.0010461814377522045	0.00134509041996712	2	9
1722	0.004782543715438649	6691	T	D	0.00269018083993424	0.0016439994021820357	3	11
1723	0.005230907188761022	6691	G	D	0.0031385443132566134	0.0016439994021820357	1	11
1724	0.007771633537587804	6691	C	D	0.0037363622776864446	0.0007472724555372889	1	5
1725	0.0037363622776864446	6691	T	C	0.0028396353310416976	0.00044836347332237334	1	3
1726	0.00403527125990136	6691	G	D	0.0014945449110745778	0.0016439994021820357	2	11
1727	0.00269018083993424	6691	T	C	0.0014945449110745778	0.01135854132416679	2	76
1728	0.006127634135405769	6691	C	D	0.0028396353310416976	0.0005978179644298311	1	4
1729	0.005679270662083395	6691	C	A	0.0025407263488267822	0.005230907188761022	1	35
1730	0.00403527125990136	6691	G	A	0.0025407263488267822	0.0008967269466447467	1	6
1731	0.0016439994021820357	6691	T	D	0.0005978179644298311	0.0010461814377522045	1	7
1732	0.008817814975340009	6691	G	A	0.003437453295471529	0.00134509041996712	1	9
1733	0.0005978179644298311	6691	A	G	0.00029890898221491554	0.00134509041996712	1	9
1734	0.00029890898221491554	6691	T	D	0.00014945449110745777	0.008518905993125093	1	57
1735	0.0031385443132566134	6691	C	D	0.0016439994021820357	0.0017934538932894933	1	12
1736	0.0037363622776864446	6691	C	G	0.002092362875504409	0.0014945449110745778	1	10
1737	0.0025407263488267822	6691	A	D	0.0014945449110745778	0.0014945449110745778	1	10
1738	0.0035869077865789867	6691	C	T	0.0017934538932894933	0.0010461814377522045	1	7
1739	0.004333532576210401	6692	A	C	0.0017931858936043037	0.0008965929468021519	2	6
1740	0.006724447101016139	6692	G	A	0.002988643156007173	0.0022414823670053796	1	15
1741	0.0017931858936043037	6692	A	D	0.0010460251046025104	0.0010460251046025104	2	7
1742	0.002390914524805738	6692	C	G	0.0007471607890017932	0.0005977286312014345	1	4
1743	0.0070233114166168556	6692	A	G	0.006126718469814704	0.0034369396294082486	1	23
1744	0.003436426116838488	6693	C	D	0.0010458688181682356	0.0005976393246675631	2	4
1745	0.0037352457791722696	6693	T	D	0.0031376064545047063	0.0029881966233378156	1	20
1746	0.0046317047661736145	6693	T	D	0.0017929179740026895	0.005079934259674287	4	34
1747	0.015688032272523533	6693	G	D	0.00582698341550874	0.004183475272672942	1	28
1748	0.004781114597340505	6693	A	D	0.002838786792170925	0.00582698341550874	1	39
1749	0.0227102943373674	6693	G	A	0.008815180038846557	0.005976393246675631	3	40
1750	0.0032870162856715973	6693	A	D	0.00194232780516958	0.004332885103839832	3	29
1751	0.007321081727177648	6693	T	D	0.003436426116838488	0.00194232780516958	1	13
1752	0.002838786792170925	6693	T	G	0.0008964589870013447	0.0032870162856715973	1	22
1753	0.012401015986851935	6693	C	T	0.00941281936351412	0.0023905572986702523	1	16
1754	0.02330793366203496	6693	T	D	0.020917376363364708	0.008964589870013447	1	60
1755	0.00567757358434185	6693	T	C	0.003436426116838488	0.004930524428507396	1	33
1756	0.016883310921858657	6693	G	D	0.005976393246675631	0.005229344090841177	2	35
1757	0.0014938751120406335	6694	A	D	0.0011951000896325067	0.0016432626232446967	1	11
1758	0.00328750747160789	6692	C	D	0.0008965929468021519	0.0005977286312014345	1	4
1759	0.0020920502092050207	6692	A	D	0.001195457262402869	0.0007471607890017932	1	5
1760	0.003735803945008966	6692	T	D	0.0026897788404064557	0.0005977286312014345	1	4
1761	0.006724447101016139	6692	T	C	0.00328750747160789	0.0013448894202032278	4	9
1762	0.007471607890017932	6692	A	D	0.005977286312014346	0.0005977286312014345	1	4
1763	0.005080693365212194	6692	C	D	0.0038852361028093247	0.0005977286312014345	1	4
1764	0.004333532576210401	6692	A	G	0.0022414823670053796	0.0010460251046025104	1	7
1765	0.0014943215780035865	6692	C	D	0.0007471607890017932	0	0	0
1766	0.001195457262402869	6692	C	G	0.0008965929468021519	0.0010460251046025104	1	7
1767	0.0007471607890017932	6692	A	G	0.00044829647340107593	0.0017931858936043037	2	12
1768	0.002838786792170925	6693	T	C	0.0023905572986702523	0.00014940983116689077	1	1
1769	0.003436426116838488	6693	G	C	0.002689376961004034	0.0032870162856715973	1	22
1770	0.004183475272672942	6693	T	D	0.003585835948005379	0	0	0
1771	0.0044822949350067235	6693	T	D	0.0037352457791722696	0.0011952786493351262	2	8
1772	0.06932616166143732	6693	C	T	0.062005079934259674	0.011056327506349918	1	74
1773	0.009263409532347229	6693	T	D	0.008815180038846557	0.00044822949350067237	4	3
1774	0.004183475272672942	6693	T	D	0.003436426116838488	0.00029881966233378154	1	2
1775	0.0010458688181682356	6693	T	D	0.0007470491558344539	0.00044822949350067237	1	3
1776	0.0062752129090094125	6693	T	D	0.0031376064545047063	0.008665770207679665	1	58
1777	0.0064246227401763036	6693	G	D	0.005976393246675631	0.00014940983116689077	1	1
1778	0.003585835948005379	6693	G	D	0.0032870162856715973	0.0044822949350067235	1	30
1779	0.009861048857014791	6693	T	C	0.007171671896010758	0.0017929179740026895	1	12
1780	0.003585835948005379	6693	G	D	0.0025399671298371434	0.00044822949350067237	2	3
1781	0.00179265013444876	6694	G	D	0.00089632506722438	0.0014938751120406335	1	10
1782	0.005676725425754407	6694	T	C	0.00403346280250971	0.00029877502240812666	1	2
1783	0.00179265013444876	6694	G	D	0.0007469375560203167	0.00627427547057066	1	42
1784	0.0032865252464893933	6694	T	C	0.0016432626232446967	0.0010457125784284435	3	7
1785	0.012249775918733195	6694	C	G	0.004631012847325963	0.004631012847325963	1	31
1786	0.008365700627427548	6694	A	D	0.004780400358530027	0.002091425156856887	1	14
1787	0.005079175380938153	6694	G	D	0.0034359127576934568	0.0016432626232446967	1	11
1788	0.009560800717060053	6694	T	D	0.005079175380938153	0.00089632506722438	1	6
1789	0.0023902001792650133	6694	G	D	0.00089632506722438	0.0037346877801015836	1	25
1790	0.0058261129369584705	6694	T	D	0.0032865252464893933	0.0011951000896325067	1	8
1791	0.009262025694651926	6694	T	C	0.00672243800418285	0.00179265013444876	1	12
1792	0.004780400358530027	6694	A	C	0.00224081266806095	0.0005975500448162533	1	4
1793	0.0016432626232446967	6694	T	C	0.0010457125784284435	0.0011951000896325067	1	8
1794	0.00985957573946818	6694	A	G	0.007021213026590977	0.00014938751120406333	2	1
1795	0.00358530026889752	6694	A	D	0.0019420376456528235	0.0005975500448162533	1	4
1796	0.0037352457791722696	6693	C	D	0.0025399671298371434	0.0010458688181682356	1	7
1797	0.01718213058419244	6693	A	G	0.011952786493351263	0.0022411474675033617	1	15
1798	0.01150455699985059	6693	C	D	0.010159868519348574	0.0007470491558344539	1	5
1799	0.005378753922008068	6693	C	D	0.003585835948005379	0.0016435081428357986	1	11
1800	0.010608098012849246	6693	A	D	0.010309278350515464	0.004332885103839832	1	29
1801	0.007470491558344539	6693	G	D	0.007022262064843867	0.0007470491558344539	1	5
1802	0.003436426116838488	6693	G	A	0.0016435081428357986	0.002689376961004034	1	18
1803	0.0046317047661736145	6693	A	D	0.0031376064545047063	0.0025399671298371434	5	17
1804	0.0022411474675033617	6693	A	D	0.0016435081428357986	0.0007470491558344539	1	5
1805	0.00388465561033916	6693	C	D	0.001344688480502017	0.0037352457791722696	1	25
1806	0.007022262064843867	6693	A	D	0.004183475272672942	0.002091737636336471	3	14
1807	0.0016435081428357986	6693	A	G	0.0011952786493351262	0	0	0
1808	0.001643753735803945	6692	A	G	0.00044829647340107593	0.001195457262402869	6	8
1809	0.00328750747160789	6692	T	A	0.001195457262402869	0.0010460251046025104	1	7
1810	0.009563658099222952	6692	A	T	0.004482964734010759	0.0008965929468021519	1	6
1811	0.004482964734010759	6692	C	T	0.002390914524805738	0.001195457262402869	1	8
1812	0.005678421996413628	6692	T	D	0.004632396891811118	0.0005977286312014345	1	4
1813	0.002988643156007173	6692	T	D	0.0013448894202032278	0.0014943215780035865	1	10
1814	0.006723442402510085	6693	C	D	0.0032870162856715973	0.004930524428507396	1	33
1815	0.004183475272672942	6693	T	G	0.002091737636336471	0.002689376961004034	1	18
1816	0.0046317047661736145	6693	A	D	0.002689376961004034	0	0	0
1817	0.0011952786493351262	6693	A	D	0.0005976393246675631	0.00044822949350067237	1	3
1818	0.0022414823670053796	6692	C	D	0.0008965929468021519	0.00014943215780035862	1	1
1819	0.004333532576210401	6692	C	G	0.0026897788404064557	0.00029886431560071725	2	2
1820	0.0017931858936043037	6692	A	C	0.0008965929468021519	0.0005977286312014345	1	4
1821	0.00328750747160789	6692	G	D	0.0022414823670053796	0.0008965929468021519	3	6
1822	0.002839210998206814	6692	G	D	0.0013448894202032278	0.007172743574417215	1	48
1823	0.003735803945008966	6692	T	D	0.002390914524805738	0.0010460251046025104	1	7
1824	0.004482964734010759	6692	T	D	0.0031380753138075313	0.0007471607890017932	1	5
1825	0.006724447101016139	6692	G	D	0.004482964734010759	0.0014943215780035865	1	10
1826	0.005678421996413628	6692	C	D	0.0035863717872086074	0.0005977286312014345	3	4
1827	0.0031380753138075313	6692	T	D	0.001195457262402869	0.0005977286312014345	1	4
1828	0.004034668260609683	6692	G	D	0.001643753735803945	0.001643753735803945	1	11
1829	0.007770472205618649	6692	T	D	0.004781829049611476	0.001195457262402869	1	8
1830	0.003735803945008966	6692	T	D	0.0022414823670053796	0.001643753735803945	1	11
1831	0.008069336521219366	6692	C	D	0.004034668260609683	0.009115361625821878	1	61
1832	0.016138673042438732	6692	T	D	0.01419605499103407	0.0010460251046025104	1	7
1833	0.0014943215780035865	6692	T	D	0.0013448894202032278	0.0005977286312014345	2	4
1834	0.0035863717872086074	6692	T	D	0.0014943215780035865	0.00044829647340107593	1	3
1835	0.005080693365212194	6692	A	D	0.0020920502092050207	0.00014943215780035862	1	1
1836	0.0010460251046025104	6692	T	D	0.00044829647340107593	0.0014943215780035865	2	10
1837	0.010460251046025104	6692	C	D	0.00657501494321578	0.00029886431560071725	1	2
1838	0.006873879258816497	6692	A	D	0.004034668260609683	0.0010460251046025104	1	7
1839	0.13419007770472205	6692	G	T	0.1315002988643156	0.00014943215780035862	1	1
1840	0.002540346682606097	6692	G	D	0.001643753735803945	0.00014943215780035862	2	1
1841	0.011356843992827256	6692	G	D	0.007172743574417215	0.00014943215780035862	1	1
1842	0.006873879258816497	6692	T	C	0.00328750747160789	0	0	0
1843	0.0010460251046025104	6692	G	C	0.0007471607890017932	0.0005977286312014345	2	4
1844	0.004931261207411835	6692	T	D	0.0035863717872086074	0.0022414823670053796	3	15
1845	0.0031380753138075313	6692	T	C	0.0014943215780035865	0.0008965929468021519	1	6
1846	0.0070233114166168556	6692	A	G	0.004333532576210401	0.00029886431560071725	1	2
1847	0.004931261207411835	6692	A	G	0.0020920502092050207	0.0019426180514046623	4	13
1848	0.007770472205618649	6692	C	T	0.004931261207411835	0.0017931858936043037	1	12
1849	0.011506276150627616	6692	T	D	0.0070233114166168556	0.001643753735803945	1	11
1850	0.031081888822474597	6692	G	D	0.014793783622235506	0.00044829647340107593	2	3
1851	0.010011954572624028	6692	C	D	0.008667065152420802	0.005230125523012552	1	35
1852	0.009264793783622235	6692	A	D	0.006126718469814704	0.001195457262402869	1	8
1853	0.007471607890017932	6692	C	D	0.0038852361028093247	0.005080693365212194	1	34
1854	0.009414225941422594	6692	A	D	0.007471607890017932	0.0014943215780035865	1	10
1855	0.014943215780035863	6692	G	D	0.008667065152420802	0.002390914524805738	1	16
1856	0.010609683203825463	6692	A	G	0.004632396891811118	0.00044829647340107593	1	3
1857	0.002988643156007173	6692	A	D	0.0013448894202032278	0.001195457262402869	1	8
1858	0.010011954572624028	6692	G	A	0.004034668260609683	0.0026897788404064557	1	18
1859	0.008965929468021518	6692	T	C	0.00552898983861327	0.002540346682606097	2	17
1860	0.01972504482964734	6692	C	D	0.008965929468021518	0.001643753735803945	1	11
1861	0.14225941422594143	6692	C	T	0.10251046025104603	0.0007471607890017932	2	5
1862	0.0032870162856715973	6693	C	D	0.0014940983116689078	0.00029881966233378154	1	2
1863	0.004781114597340505	6693	T	D	0.0032870162856715973	0.0014940983116689078	1	10
1864	0.003585835948005379	6693	G	C	0.0017929179740026895	0.0025399671298371434	6	17
1865	0.0014940983116689078	6693	T	C	0.0008964589870013447	0.0025399671298371434	2	17
1866	0.0044822949350067235	6693	T	C	0.0025399671298371434	0.0022411474675033617	1	15
1867	0.0037352457791722696	6693	G	D	0.0023905572986702523	0.00029881966233378154	1	2
1868	0.004332885103839832	6693	C	T	0.0025399671298371434	0.0010458688181682356	1	7
1869	0.0046317047661736145	6693	T	G	0.002091737636336471	0.0005976393246675631	1	4
1870	0.0029881966233378156	6693	A	D	0.0011952786493351262	0.0005976393246675631	1	4
1871	0.004034065441506051	6693	T	D	0.0022411474675033617	0.00014940983116689077	1	1
1872	0.003436426116838488	6693	T	C	0.0014940983116689078	0.0022411474675033617	1	15
1873	0.010458688181682354	6693	C	A	0.00582698341550874	0.0007470491558344539	1	5
1874	0.00761990138951143	6693	A	G	0.006872852233676976	0.00194232780516958	1	13
1875	0.0022411474675033617	6693	T	G	0.001344688480502017	0.0007470491558344539	1	5
1876	0.006125803077842522	6693	G	D	0.002689376961004034	0.0017929179740026895	1	12
1877	0.007918721051845212	6693	C	D	0.004034065441506051	0.0037352457791722696	1	25
1878	0.0037352457791722696	6693	A	D	0.0014940983116689078	0.0008964589870013447	1	6
1879	0.012550425818018825	6693	G	T	0.006125803077842522	0.005079934259674287	4	34
1880	0.0016435081428357986	6693	A	D	0.0011952786493351262	0.001344688480502017	1	9
1881	0.001344688480502017	6693	T	D	0.0007470491558344539	0.0025399671298371434	1	17
1882	0.008665770207679665	6693	C	G	0.003585835948005379	0.00194232780516958	1	13
1883	0.0046317047661736145	6693	A	G	0.002689376961004034	0.0007470491558344539	9	5
1884	0.005976393246675631	6693	A	G	0.0029881966233378156	0.002091737636336471	3	14
1885	0.01344688480502017	6693	C	G	0.00582698341550874	0.0008964589870013447	1	6
1886	0.007918721051845212	6693	T	G	0.0037352457791722696	0.0037352457791722696	1	25
1887	0.007022262064843867	6693	T	G	0.0031376064545047063	0.0016435081428357986	1	11
1888	0.006125803077842522	6693	A	D	0.0023905572986702523	0.001344688480502017	3	9
1889	0.012550425818018825	6693	C	D	0.008516360376512775	0.0017929179740026895	1	12
1890	0.0037352457791722696	6693	T	D	0.0022411474675033617	0.005079934259674287	1	34
1891	0.007470491558344539	6693	C	D	0.005229344090841177	0.0014940983116689078	1	10
1892	0.006125803077842522	6693	C	T	0.00388465561033916	0.0025399671298371434	1	17
1893	0.009113999701180337	6693	T	G	0.006574032571343195	0.008217540714178993	1	55
1894	0.009263409532347229	6693	A	D	0.005976393246675631	0.00014940983116689077	1	1
1895	0.003436426116838488	6693	C	T	0.00194232780516958	0.0007470491558344539	1	5
1896	0.02076796653219782	6693	T	D	0.019871507545196475	0.0014940983116689078	1	10
1897	0.005229344090841177	6693	T	C	0.004034065441506051	0.0011952786493351262	1	8
1898	0.007321081727177648	6693	G	D	0.0032870162856715973	0	0	0
1899	0.0023905572986702523	6693	G	D	0.001344688480502017	0.00014940983116689077	1	1
1900	0.009263409532347229	6693	C	T	0.007321081727177648	0.0008964589870013447	1	6
1901	0.010458688181682354	6693	G	A	0.006872852233676976	0.00044822949350067237	4	3
1902	0.0046317047661736145	6693	T	C	0.00194232780516958	0	0	0
1903	0.0025399671298371434	6693	G	C	0.0007470491558344539	0.0010458688181682356	2	7
1904	0.008516360376512775	6693	T	D	0.004332885103839832	0.0008964589870013447	3	6
1905	0.0032870162856715973	6693	T	C	0.0022411474675033617	0.0029881966233378156	1	20
1906	0.008516360376512775	6693	T	C	0.004034065441506051	0.0014940983116689078	1	10
1907	0.00388465561033916	6693	A	D	0.0014940983116689078	0.0010458688181682356	1	7
1908	0.010757507844016136	6693	T	D	0.00567757358434185	0.002838786792170925	1	19
1909	0.0210667861945316	6693	T	D	0.018526819064694458	0.0014940983116689078	1	10
1910	0.027943813508667065	6692	C	D	0.02077106993424985	0.002390914524805738	6	16
1911	0.012253436939629408	6692	T	C	0.005080693365212194	0.015989240884638375	1	107
1912	0.007770472205618649	6692	A	D	0.006126718469814704	0.0026897788404064557	1	18
1913	0.03063359234907352	6692	C	T	0.025702331141661684	0.001195457262402869	1	8
1914	0.0010460251046025104	6692	A	D	0.00044829647340107593	0.00029886431560071725	1	2
1915	0.0014943215780035865	6692	G	A	0.001195457262402869	0.0017931858936043037	4	12
1916	0.0007471607890017932	6692	G	A	0.00044829647340107593	0.002839210998206814	1	19
1917	0.005080693365212194	6692	T	G	0.0019426180514046623	0.006126718469814704	1	41
1918	0.0031380753138075313	6692	T	D	0.0019426180514046623	0.001195457262402869	1	8
1919	0.020173341303048417	6692	C	D	0.01090854751942618	0.0014943215780035865	1	10
1920	0.036013150029886434	6692	T	D	0.01628810520023909	0.0026897788404064557	1	18
1921	0.020173341303048417	6692	A	D	0.011805140466228332	0.0010460251046025104	1	7
1922	0.0034369396294082486	6692	A	G	0.0013448894202032278	0.0010460251046025104	2	7
1923	0.01972504482964734	6692	T	C	0.01748356246264196	0.00029886431560071725	1	2
1924	0.001643753735803945	6692	G	C	0.0008965929468021519	0.0041841004184100415	1	28
1925	0.008965929468021518	6692	T	D	0.007471607890017932	0	0	0
1926	0.0041841004184100415	6692	T	G	0.0020920502092050207	0.0005977286312014345	1	4
1927	0.0017931858936043037	6692	T	C	0.0010460251046025104	0.00029886431560071725	1	2
1928	0.00029886431560071725	6692	T	C	0.00029886431560071725	0.0013448894202032278	1	9
1929	0.0017931858936043037	6692	T	D	0.0007471607890017932	0.0019426180514046623	1	13
1930	0.008368200836820083	6692	C	D	0.004333532576210401	0.004034668260609683	1	27
1931	0.013299462044231918	6692	A	D	0.01090854751942618	0	0	0
1932	0.001195457262402869	6692	A	D	0.0008965929468021519	0.00029886431560071725	1	2
1933	0.0022414823670053796	6692	A	G	0.0014943215780035865	0.00029886431560071725	1	2
1934	0.004931261207411835	6692	C	G	0.0022414823670053796	0.00044829647340107593	2	3
1935	0.001643753735803945	6692	A	G	0.0010460251046025104	0.0005977286312014345	1	4
1936	0.006126718469814704	6692	C	T	0.005379557680812911	0.0007471607890017932	1	5
1937	0.0034369396294082486	6692	G	A	0.0031380753138075313	0.00029886431560071725	1	2
1938	0.0005977286312014345	6692	T	D	0.00014943215780035862	0.0005977286312014345	1	4
1939	0.002839210998206814	6692	G	D	0.001643753735803945	0.00014943215780035862	2	1
1940	0.0041841004184100415	6692	C	D	0.0014943215780035865	0	0	0
1941	0.0022414823670053796	6692	A	D	0.001195457262402869	0.00029886431560071725	1	2
1942	0.002540346682606097	6692	G	D	0.0014943215780035865	0.00044829647340107593	1	3
1943	0.0010460251046025104	6692	G	D	0.00044829647340107593	0.0007471607890017932	1	5
1944	0.0020920502092050207	6692	C	T	0.0010460251046025104	0.0005977286312014345	1	4
1945	0.001195457262402869	6692	T	D	0.0007471607890017932	0.00029886431560071725	1	2
1946	0.0017931858936043037	6692	G	D	0.0008965929468021519	0.02839210998206814	1	190
1947	0.009713090257023311	6692	T	D	0.008965929468021518	0.00044829647340107593	3	3
1948	0.0014943215780035865	6692	T	C	0.0010460251046025104	0.0026897788404064557	2	18
1949	0.005230125523012552	6692	T	D	0.0034369396294082486	0.005230125523012552	1	35
1950	0.028545807801524437	6691	A	G	0.018980720370647138	0.0017934538932894933	1	12
1951	0.007623318385650224	6690	A	D	0.004484304932735426	0.0005979073243647235	1	4
1952	0.004334828101644245	6690	T	G	0.0016442451420029896	0.006726457399103139	2	45
1953	0.02391629297458894	6690	A	D	0.015396113602391629	0.0017937219730941704	1	12
1954	0.03931240657698057	6690	G	D	0.026457399103139014	0.0010463378176382662	1	7
1955	0.01943198804185351	6690	G	D	0.016591928251121078	0.00029895366218236175	1	2
1956	0.006576980568011958	6690	G	A	0.004334828101644245	0.0005979073243647235	2	4
1957	0.008071748878923767	6690	G	C	0.004783258594917788	0.0037369207772795215	3	25
1958	0.008520179372197309	6690	C	D	0.005530642750373692	0.0005979073243647235	1	4
1959	0.005680119581464873	6690	T	D	0.0028400597907324364	0.005530642750373692	1	37
1960	0.03273542600896861	6690	G	C	0.013751868460388639	0.006128550074738416	1	41
1961	0.03303437967115097	6690	A	D	0.017787742899850523	0.003288490284005979	2	22
1962	0.01210762331838565	6690	A	D	0.009417040358744395	0.0028400597907324364	1	19
1963	0.036328300194348934	6689	T	C	0.01524891613096128	0.0002989983555090447	8	2
1964	0.011810435042607266	6689	A	C	0.00448497533263567	0.004335476154881148	1	29
1965	0.010315443265062042	6689	T	C	0.007175960532217073	0.0019434893108087904	1	13
1966	0.01659440873075198	6689	G	T	0.006278965465689939	0.010016444909552998	1	67
1967	0.012856929286888922	6689	T	C	0.006129466287935416	0.004185976977126625	2	28
1968	0.02048138735236956	6689	C	D	0.00837195395425325	0.00762445806548064	1	51
1969	0.009717446554043952	6689	A	G	0.004036477799372103	0.0005979967110180894	1	4
1970	0.006129466287935416	6689	A	D	0.0028404843773359245	0.0007474958887726118	1	5
1971	0.006428464643444461	6689	C	G	0.002242487666317835	0.0032889819105994915	1	22
1972	0.002690985199581402	6689	A	D	0.0011959934220361788	0.001345492599790701	1	9
1973	0.0032889819105994915	6689	A	G	0.001345492599790701	0.0008969950665271341	2	6
1974	0.0067284688995215315	6688	C	D	0.0020933014354066986	0.0014952153110047847	1	10
1975	0.0062799043062200955	6688	T	D	0.002840909090909091	0.0014952153110047847	1	10
1976	0.017347091371317482	6687	C	G	0.013309406310752206	0.0026917900403768506	1	18
1977	0.005533123971885748	6687	A	G	0.0043367728428293706	0.000598175564528189	1	4
1978	0.0014954389113204726	6687	T	G	0.0007477194556602363	0.0002990877822640945	4	2
1979	0.0010468072379243307	6687	A	D	0.00044863167339614175	0.0013458950201884253	1	9
1980	0.0010468072379243307	6687	T	C	0.0007477194556602363	0.002841333931508898	1	19
1981	0.018992074173770003	6687	G	C	0.016300284133393152	0.0026917900403768506	1	18
1982	0.0031404217137729925	6687	A	D	0.002392702258112756	0.0022431583669807087	3	15
1983	0.008224914012262599	6687	G	D	0.006280843427545985	0.0013458950201884253	3	9
1984	0.008524001794526694	6687	T	D	0.006430387318678032	0.0010468072379243307	1	7
1985	0.0031404217137729925	6687	G	C	0.001196351129056378	0.001794526693584567	1	12
1986	0.004486316733961417	6687	T	C	0.003589053387169134	0.00044863167339614175	1	3
1987	0.0043367728428293706	6687	G	D	0.0016449828024525197	0.000598175564528189	1	4
1988	0.0025422461492448033	6687	A	D	0.0016449828024525197	0.000598175564528189	1	4
1989	0.0010469638049655997	6686	C	D	0.0004486987735566856	0.0017947950942267424	2	12
1990	0.003290457672749028	6686	A	G	0.0026921926413401138	0.0017947950942267424	1	12
1991	0.0007478312892611427	6686	T	D	0.0005982650314089142	0.0004486987735566856	1	3
1992	0.01017050553395154	6686	A	D	0.006880047861202512	0.004636553993419085	1	31
1993	0.009274495138369483	6685	C	D	0.007180254300673149	0.0011967090501121915	2	8
1994	0.0013462976813762154	6685	C	T	0.0005983545250560958	0	0	0
1995	0.0007479431563201197	6685	C	A	0.0004487658937920718	0.0007479431563201197	1	5
1996	0.0016454749439042632	6685	A	G	0.0005983545250560958	0.0031413612565445027	1	21
1997	0.0025430067314884067	6685	T	D	0.0016454749439042632	0.0002991772625280479	2	2
1998	0.002243829468960359	6685	T	C	0.0011967090501121915	0.0004487658937920718	1	3
1999	0.0035901271503365746	6685	G	C	0.0019446522064323112	0.00014958863126402394	1	1
2000	0.0011967090501121915	6685	G	D	0.0004487658937920718	0.0017950635751682873	1	12
2001	0.002243829468960359	6685	T	C	0.0014958863126402393	0.0011967090501121915	1	8
2002	0.004487658937920718	6685	G	D	0.0025430067314884067	0.0002991772625280479	1	2
2003	0.008376963350785341	6685	C	D	0.004338070306656694	0.00014958863126402394	2	1
2004	0.004188481675392671	6685	A	D	0.002243829468960359	0	0	0
2005	0.0017950635751682873	6685	G	A	0.0010471204188481676	0.0007479431563201197	2	5
2006	0.0005983545250560958	6685	G	D	0.0004487658937920718	0.0008975317875841437	2	6
2007	0.006432311144353029	6685	T	D	0.0034405385190725505	0.0005983545250560958	5	4
2008	0.0037397157816005983	6685	A	D	0.0019446522064323112	0.0005983545250560958	1	4
2009	0.0013462976813762154	6685	T	D	0.0010471204188481676	0.0008975317875841437	2	6
2010	0.002692595362752431	6685	A	G	0.0011967090501121915	0.0016454749439042632	2	11
2011	0.00493642483171279	6685	T	D	0.0017950635751682873	0.002393418100224383	1	16
2012	0.004786836200448766	6685	G	D	0.0037397157816005983	0.0007479431563201197	1	5
2013	0.010770381451009723	6685	C	T	0.005983545250560957	0.0014958863126402393	1	10
2014	0.006432311144353029	6685	G	A	0.0037397157816005983	0.0010471204188481676	1	7
2015	0.010620792819745699	6685	C	T	0.005983545250560957	0.0008975317875841437	1	6
2016	0.013612565445026177	6685	T	G	0.006581899775617053	0.0029917726252804786	1	20
2017	0.00568436798803291	6685	A	G	0.0025430067314884067	0.0013462976813762154	2	9
2018	0.0050860134629768135	6685	G	A	0.0032909498878085264	0.0038893044128646224	2	26
2019	0.005385190725504862	6685	T	C	0.0029917726252804786	0.0017950635751682873	1	12
2020	0.007030665669409125	6685	T	C	0.00568436798803291	0	0	0
2021	0.002393418100224383	6685	A	C	0.0014958863126402393	0.0004487658937920718	1	3
2022	0.0004487658937920718	6685	T	D	0.0002991772625280479	0.0019446522064323112	2	13
2023	0.010770381451009723	6685	C	D	0.004188481675392671	0.0020942408376963353	2	14
2024	0.00762902019446522	6685	A	G	0.004338070306656694	0.0016454749439042632	1	11
2025	0.015706806282722512	6685	G	D	0.006581899775617053	0.0029917726252804786	1	20
2026	0.0025430067314884067	6685	A	G	0.0010471204188481676	0.0031413612565445027	2	21
2027	0.007778608825729245	6685	C	T	0.004338070306656694	0.0034405385190725505	1	23
2028	0.0062827225130890054	6685	T	D	0.005385190725504862	0.002243829468960359	1	15
2029	0.0381451009723261	6685	C	G	0.01824981301421092	0.006432311144353029	1	43
2030	0.010471204188481676	6685	A	D	0.006731488406881077	0.002243829468960359	2	15
2031	0.01585639491398654	6685	G	D	0.005983545250560957	0.0035901271503365746	1	24
2032	0.008376963350785341	6685	A	G	0.004487658937920718	0.0019446522064323112	2	13
2033	0.014210919970082274	6685	C	T	0.006731488406881077	0.00568436798803291	1	38
2034	0.01555721765145849	6685	T	G	0.008825729244577411	0.00987284966342558	1	66
2035	0.019296933433059087	6685	A	D	0.011219147344801795	0.0016454749439042632	1	11
2036	0.01555721765145849	6685	A	G	0.010620792819745699	0.0037397157816005983	1	25
2037	0.08332086761406134	6685	G	D	0.05325355272999252	0.002243829468960359	1	15
2038	0.1319371727748691	6685	T	G	0.0712041884816754	0.0004487658937920718	1	3
2039	0.07509349289454001	6685	C	G	0.03649962602842184	0.004338070306656694	1	29
2040	0.010022438294689604	6685	T	D	0.005534779356768885	0.0034405385190725505	1	23
2041	0.04488330341113106	6684	C	D	0.015110712148414123	0.011819269898264512	2	79
2042	0.11609814482345901	6684	A	G	0.0921603830041891	0.0016457211250748055	2	11
2043	0.005236385397965291	6684	T	A	0.0025433871932974265	0.0011968880909634949	1	8
2044	0.03680430879712747	6684	C	T	0.014512268102932376	0.017953321364452424	1	120
2045	0.023937761819269897	6684	G	A	0.012268102932375824	0.001047277079593058	2	7
2046	0.011370436864153202	6684	G	D	0.008827049670855775	0.0008976660682226212	4	6
2047	0.02004787552363854	6684	C	D	0.00807899461400359	0.0017953321364452424	1	12
2048	0.02707959305804907	6684	G	A	0.012118491921005385	0	0	0
2049	0.016457211250748054	6684	G	T	0.012567324955116697	0.0016457211250748055	1	11
2050	0.007031717534410533	6684	G	D	0.0038898862956313583	0.0004488330341113106	2	3
2051	0.011220825852782765	6684	C	T	0.005984440454817474	0.0007480550568521843	2	5
2052	0.009126271693596649	6684	A	G	0.0058348294434470375	0.0014961101137043686	1	10
2053	0.013913824057450628	6684	C	T	0.009575104727707959	0.0025433871932974265	2	17
2054	0.03426092160383004	6684	G	D	0.01615798922800718	0.003291442250149611	1	22
2055	0.008378216636744464	6684	T	D	0.004937163375224416	0.006134051466187912	1	41
2056	0.009575104727707959	6684	A	C	0.0058348294434470375	0.0031418312387791743	1	21
2057	0.008527827648114902	6684	G	D	0.0038898862956313583	0.002094554159186116	1	14
2058	0.017504488330341114	6684	T	D	0.008527827648114902	0.0008976660682226212	1	6
2059	0.01570915619389587	6684	G	C	0.013614602034709754	0.002992220227408737	1	20
2060	0.0073309395571514065	6684	T	D	0.003291442250149611	0.010323159784560144	1	69
2061	0.021244763614602036	6684	A	G	0.01376421304608019	0.0005984440454817474	3	4
2062	0.010622381807301018	6684	G	A	0.007031717534410533	0.0026929982046678637	1	18
2063	0.011071214841412328	6684	C	D	0.008827049670855775	0.002992220227408737	1	20
2064	0.019150209455415918	6684	T	D	0.01481149012567325	0.010771992818671455	1	72
2065	0.030221424296828246	6684	A	D	0.013016157989228007	0.002244165170556553	3	15
2066	0.010771992818671455	6684	G	A	0.005385996409335727	0.002992220227408737	1	20
2067	0.004937163375224416	6684	T	C	0.0017953321364452424	0.0017953321364452424	1	12
2068	0.033812088569718735	6684	C	G	0.015858767205266307	0.003291442250149611	1	22
2069	0.009126271693596649	6684	A	G	0.005685218432076601	0.001047277079593058	2	7
2070	0.005385996409335727	6684	A	T	0.002992220227408737	0.004039497307001795	1	27
2071	0.0038898862956313583	6684	T	C	0.0016457211250748055	0.0019449431478156792	3	13
2072	0.015858767205266307	6684	C	T	0.008527827648114902	0.0017953321364452424	1	12
2073	0.01810293237582286	6684	C	T	0.009575104727707959	0.0026929982046678637	2	18
2074	0.0026929982046678637	6684	A	D	0.001047277079593058	0.0028426092160383004	1	19
2075	0.0013464991023339318	6684	T	C	0.0008976660682226212	0.0008976660682226212	1	6
2076	0.010323159784560144	6684	C	T	0.005984440454817474	0.0011968880909634949	1	8
2077	0.0005985335926978902	6683	A	D	0.0002992667963489451	0	0	0
2078	0.0025437677689660334	6683	T	D	0.0014963339817447255	0.00014963339817447254	3	1
2079	0.003591201556187341	6683	T	C	0.0025437677689660334	0	0	0
2080	0.0028430345653149783	6683	G	D	0.0010474337872213078	0	0	0
2081	0.0025437677689660334	6683	C	D	0.0020948675744426157	0	0	0
2082	0.0023941343707915607	6683	C	D	0.0011970671853957803	0.00014963339817447254	1	1
2083	0.0026934011671405056	6683	T	D	0.0014963339817447255	0.0007481669908723628	2	5
2084	0.0034415681580128683	6683	A	G	0.0020948675744426157	0	0	0
2085	0.0008978003890468353	6683	C	D	0.0002992667963489451	0.00014963339817447254	1	1
2086	0.001645967379919198	6683	A	G	0.0008978003890468353	0.00014963339817447254	1	1
2087	0.0020948675744426157	6683	C	T	0.001945234176268143	0.0014963339817447255	1	10
2088	0.004788268741583121	6683	T	C	0.0020948675744426157	0.0005985335926978902	2	4
2089	0.0007481669908723628	6683	A	C	0.0004489001945234176	0.0010474337872213078	1	7
2090	0.0010474337872213078	6683	T	C	0.0010474337872213078	0	0	0
2091	0.0007481669908723628	6683	G	D	0.0002992667963489451	0.0005985335926978902	1	4
2092	0.001645967379919198	6683	T	C	0.0013467005835702528	0.0002992667963489451	1	2
2093	0.0023941343707915607	6683	C	A	0.0014963339817447255	0.0004489001945234176	1	3
2094	0.0020948675744426157	6683	A	G	0.001945234176268143	0.0004489001945234176	2	3
2095	0.0025437677689660334	6683	C	T	0.0011970671853957803	0.005386802334281011	1	36
2096	0.003890468352536286	6683	T	D	0.0031423013616639233	0.0011970671853957803	1	8
2097	0.0025437677689660334	6683	T	C	0.0008978003890468353	0.0011970671853957803	1	8
2098	0.010175071075864133	6683	G	C	0.005835702528804429	0.0025437677689660334	1	17
2099	0.002992667963489451	6683	G	A	0.0010474337872213078	0.0008978003890468353	1	6
2100	0.020350142151728267	6683	T	C	0.019003441568158013	0.0013467005835702528	2	9
2101	0.006733502917851264	6683	G	D	0.004339368547059704	0.005386802334281011	1	36
2102	0.015561873410145144	6683	C	D	0.01182103845578333	0.0014963339817447255	1	10
2103	0.006733502917851264	6683	A	D	0.005686069130629957	0.0002992667963489451	1	2
2104	0.018105641179111176	6683	G	D	0.007481669908723627	0.0037408349543618137	1	25
2105	0.01705820739188987	6683	A	D	0.012718838844830166	0.0004489001945234176	1	3
2106	0.005237168936106539	6683	A	D	0.0025437677689660334	0.0008978003890468353	2	6
2107	0.0023941343707915607	6683	A	G	0.0014963339817447255	0.0008978003890468353	1	6
2108	0.008678737094119407	6683	A	G	0.003591201556187341	0.0010474337872213078	2	7
2109	0.01182103845578333	6683	T	C	0.004040101750710758	0.0008978003890468353	2	6
2110	0.006284602723327847	6683	T	C	0.004638635343408649	0.001645967379919198	1	11
2111	0.07482789583956899	6682	C	T	0.04938641125411553	0.007333133792277761	1	49
2112	0.004340017958695002	6682	A	D	0.002394492666866208	0.000598623166716552	1	4
2113	0.006435199042202933	6682	G	D	0.0031427716252618977	0.0013469021251122418	1	9
2114	0.004340017958695002	6682	T	D	0.0022448368751870696	0.0013469021251122418	1	9
2115	0.012720742292726728	6682	T	C	0.0118228075426519	0.000149655791679138	1	1
2116	0.0031427716252618977	6682	G	D	0.0013469021251122418	0.00299311583358276	1	20
2117	0.010776829815895825	6681	C	D	0.004939380332285586	0.003143242029636282	1	21
2118	0.002843885645861398	6681	T	D	0.001347103726986978	0.001197425535099536	2	8
2119	0.004191616766467066	6680	T	D	0.0014970059880239522	0.003592814371257485	1	24
2120	0.01152694610778443	6680	A	D	0.005988023952095809	0.0008982035928143712	2	6
2121	0.015119760479041917	6680	C	D	0.010179640718562874	0.0016467065868263472	1	11
2122	0.013023952095808384	6680	T	D	0.008982035928143712	0.001347305389221557	2	9
2123	0.016616766467065867	6680	C	D	0.008832335329341317	0.004491017964071856	2	30
2124	0.018562874251497007	6680	T	D	0.009580838323353293	0.004491017964071856	2	30
2125	0.01032934131736527	6680	A	G	0.0055389221556886225	0.0011976047904191617	2	8
2126	0.004191616766467066	6680	A	G	0.002245508982035928	0.0004491017964071856	1	3
2127	0.007634730538922155	6680	T	G	0.002694610778443114	0.01781437125748503	1	119
2128	0.006437125748502994	6680	A	D	0.004341317365269461	0.0023952095808383233	2	16
2129	0.004491017964071856	6680	A	G	0.0023952095808383233	0.0017964071856287425	1	12
2130	0.004640718562874252	6680	C	T	0.0017964071856287425	0.002245508982035928	1	15
2131	0.002694610778443114	6680	T	D	0.0014970059880239522	0.0005988023952095808	1	4
2132	0.015423779574722971	6678	C	T	0.00883498053309374	0.00643905360886493	1	43
2133	0.01542608956118017	6677	T	D	0.008237232289950576	0.00044930357945184964	1	3
2134	0.0037441964954320803	6677	A	C	0.0019469821776246818	0.0008986071589036993	1	6
2135	0.002845589336528381	6677	T	C	0.0016474464579901153	0.0002995357196345664	1	2
2136	0.005241875093604912	6677	T	C	0.004942339373970346	0.0001497678598172832	4	1
2137	0.0010483750187209825	6677	G	D	0.0005990714392691329	0	0	0
2138	0.0013481126423007788	6676	C	D	0.0007489514679448772	0.0004493708807669263	2	3
2139	0.001348314606741573	6675	C	G	0.00044943820224719103	0.000299625468164794	1	2
2140	0.000749063670411985	6675	A	D	0.00044943820224719103	0.00044943820224719103	1	3
2141	0.000749063670411985	6675	T	D	0.00044943820224719103	0.000599250936329588	1	4
2142	0.003895131086142322	6675	A	D	0.002546816479400749	0.00149812734082397	1	10
2143	0.0044943820224719105	6675	C	D	0.0035955056179775282	0.000149812734082397	3	1
2144	0.00149812734082397	6675	C	D	0.0008988764044943821	0.00044943820224719103	1	3
2145	0.0008988764044943821	6675	C	D	0.0008988764044943821	0.000749063670411985	1	5
2146	0.0035955056179775282	6675	A	G	0.002546816479400749	0.001048689138576779	1	7
2147	0.003146067415730337	6675	C	G	0.001647940074906367	0.001048689138576779	1	7
2148	0.0035955056179775282	6675	A	G	0.00149812734082397	0.001198501872659176	1	8
2149	0.002846441947565543	6675	A	G	0.001198501872659176	0.000149812734082397	1	1
2150	0.0064419475655430715	6675	A	T	0.002696629213483146	0.003295880149812734	1	22
2151	0.004194756554307116	6675	T	D	0.002097378277153558	0.00044943820224719103	1	3
2152	0.001647940074906367	6675	T	D	0.000749063670411985	0.000149812734082397	1	1
2153	0.0017977528089887641	6675	T	G	0.000599250936329588	0.00044943820224719103	1	3
2154	0.002546816479400749	6675	T	A	0.0008988764044943821	0.005393258426966292	2	36
2155	0.011385767790262171	6675	A	D	0.006292134831460674	0.002397003745318352	1	16
2156	0.01153558052434457	6675	C	T	0.009138576779026217	0.005543071161048689	1	37
2157	0.00794007490636704	6675	T	C	0.004344569288389513	0.004794007490636704	1	32
2158	0.009138576779026217	6675	A	G	0.004794007490636704	0.003295880149812734	1	22
2159	0.003895131086142322	6675	T	C	0.002546816479400749	0.003295880149812734	1	22
2160	0.016329588014981272	6675	T	C	0.012883895131086143	0.008389513108614232	1	56
2161	0.0052434456928838954	6675	A	C	0.003895131086142322	0.0017977528089887641	3	12
2162	0.008239700374531835	6675	G	D	0.003745318352059925	0.001647940074906367	2	11
2163	0.006741573033707865	6675	T	D	0.003745318352059925	0.000749063670411985	1	5
2164	0.011086142322097379	6675	G	A	0.005543071161048689	0.004943820224719101	1	33
2165	0.006142322097378277	6675	T	D	0.003895131086142322	0.000149812734082397	1	1
2166	0.006741573033707865	6675	T	C	0.003445692883895131	0.001198501872659176	1	8
2167	0.023220973782771534	6675	A	D	0.009288389513108614	0.002097378277153558	1	14
2168	0.0100374531835206	6675	C	D	0.006292134831460674	0.000599250936329588	1	4
2169	0.012134831460674157	6675	C	D	0.010337078651685393	0.000599250936329588	1	4
2170	0.0149812734082397	6675	A	D	0.008239700374531835	0.0044943820224719105	1	30
2171	0.002696629213483146	6675	C	T	0.00149812734082397	0.001647940074906367	3	11
2172	0.009588014981273409	6675	A	D	0.007340823970037453	0.00044943820224719103	1	3
2173	0.008389513108614232	6675	G	D	0.007041198501872659	0.000749063670411985	1	5
2174	0.0044943820224719105	6675	A	T	0.001647940074906367	0.000299625468164794	1	2
2175	0.001048689138576779	6675	A	D	0.00044943820224719103	0.000299625468164794	1	2
2176	0.004044943820224719	6675	A	G	0.002097378277153558	0.0022471910112359553	1	15
2177	0.006142322097378277	6675	T	D	0.003146067415730337	0.00044943820224719103	1	3
2178	0.00599250936329588	6675	T	A	0.0022471910112359553	0.000599250936329588	1	4
2179	0.012734082397003745	6675	C	G	0.004794007490636704	0.000749063670411985	1	5
2180	0.001198501872659176	6675	T	A	0.000599250936329588	0.000749063670411985	1	5
2181	0.004644194756554307	6675	A	D	0.003745318352059925	0.0008988764044943821	1	6
2182	0.006591760299625468	6675	C	D	0.004344569288389513	0.000599250936329588	1	4
2183	0.001647940074906367	6675	C	D	0.000749063670411985	0.002696629213483146	1	18
2184	0.002546816479400749	6675	A	C	0.001048689138576779	0.00044943820224719103	1	3
2185	0.006292134831460674	6675	G	D	0.003146067415730337	0.00044943820224719103	1	3
2186	0.003895131086142322	6675	T	D	0.002546816479400749	0.0008988764044943821	2	6
2187	0.00149812734082397	6675	G	A	0.000749063670411985	0.0008988764044943821	1	6
2188	0.004194756554307116	6675	T	C	0.002696629213483146	0.0008988764044943821	3	6
2189	0.010187265917602996	6675	C	T	0.006591760299625468	0.001348314606741573	1	9
2190	0.006741573033707865	6675	T	G	0.003895131086142322	0.000749063670411985	1	5
2191	0.00149812734082397	6675	A	D	0.0008988764044943821	0.000599250936329588	1	4
2192	0.0022471910112359553	6675	T	C	0.0022471910112359553	0.000749063670411985	1	5
2193	0.003895131086142322	6675	G	T	0.00149812734082397	0.0008988764044943821	3	6
2194	0.001647940074906367	6675	A	D	0.0008988764044943821	0.0017977528089887641	1	12
2195	0.002546816479400749	6675	C	D	0.001198501872659176	0.000749063670411985	1	5
2196	0.004194756554307116	6675	C	D	0.002546816479400749	0.004044943820224719	1	27
2197	0.00749063670411985	6675	A	D	0.004943820224719101	0.002097378277153558	5	14
2198	0.004194756554307116	6675	A	D	0.002397003745318352	0	0	0
2199	0.0064419475655430715	6675	G	D	0.003295880149812734	0.002097378277153558	1	14
2200	0.005093632958801498	6675	A	D	0.003895131086142322	0.000149812734082397	1	1
2201	0.002546816479400749	6675	C	T	0.001647940074906367	0.001048689138576779	2	7
2202	0.0022471910112359553	6675	A	G	0.001048689138576779	0.0035955056179775282	1	24
2203	0.0008988764044943821	6675	T	D	0.0008988764044943821	0.001048689138576779	2	7
2204	0.022322097378277155	6675	C	G	0.014232209737827715	0.002846441947565543	1	19
2205	0.00853932584269663	6675	A	D	0.005842696629213483	0.000749063670411985	1	5
2206	0.0044943820224719105	6675	G	D	0.003445692883895131	0.001348314606741573	1	9
2207	0.003295880149812734	6675	T	A	0.001647940074906367	0.0064419475655430715	1	43
2208	0.0044943820224719105	6675	A	D	0.0017977528089887641	0.000749063670411985	1	5
2209	0.01602996254681648	6675	G	T	0.0064419475655430715	0.002397003745318352	1	16
2210	0.005093632958801498	6675	A	D	0.00299625468164794	0.001647940074906367	1	11
2211	0.005842696629213483	6675	T	D	0.003745318352059925	0.001198501872659176	1	8
2212	0.005543071161048689	6675	T	D	0.003146067415730337	0.001348314606741573	2	9
2213	0.01647940074906367	6675	G	C	0.006741573033707865	0.001048689138576779	1	7
2214	0.008239700374531835	6675	T	A	0.003295880149812734	0.001198501872659176	2	8
2215	0.006142322097378277	6675	A	D	0.003146067415730337	0.00044943820224719103	1	3
2216	0.008838951310861423	6675	C	D	0.003295880149812734	0.001647940074906367	4	11
2217	0.01647940074906367	6675	A	D	0.011086142322097379	0.001647940074906367	1	11
2218	0.010936329588014982	6675	A	D	0.008239700374531835	0.000299625468164794	1	2
2219	0.01453183520599251	6675	T	D	0.007790262172284644	0.0008988764044943821	3	6
2220	0.006591760299625468	6675	G	C	0.003745318352059925	0.001947565543071161	6	13
2221	0.006591760299625468	6675	T	A	0.002846441947565543	0.001048689138576779	1	7
2222	0.004194756554307116	6675	A	D	0.001947565543071161	0.000299625468164794	1	2
2223	0.005543071161048689	6675	C	D	0.0022471910112359553	0.000149812734082397	2	1
2224	0.003146067415730337	6675	A	G	0.001947565543071161	0.000299625468164794	2	2
2225	0.0044943820224719105	6675	T	D	0.003146067415730337	0.000599250936329588	1	4
2226	0.0017977528089887641	6675	T	D	0.0008988764044943821	0.000599250936329588	2	4
2227	0.004194756554307116	6675	T	C	0.002397003745318352	0.000299625468164794	2	2
2228	0.002546816479400749	6675	G	D	0.0017977528089887641	0.001198501872659176	1	8
2229	0.002397003745318352	6675	T	C	0.0017977528089887641	0.000599250936329588	1	4
2230	0.0044943820224719105	6675	G	A	0.0022471910112359553	0.001198501872659176	1	8
2231	0.001048689138576779	6675	G	D	0.00044943820224719103	0.001048689138576779	1	7
2232	0.0044943820224719105	6675	T	C	0.003445692883895131	0.001647940074906367	1	11
2233	0.021423220973782773	6675	G	A	0.012284644194756554	0.002097378277153558	3	14
2234	0.0022471910112359553	6675	A	G	0.001348314606741573	0.001947565543071161	1	13
2235	0.0052434456928838954	6675	T	A	0.003445692883895131	0.001198501872659176	2	8
2236	0.004044943820224719	6675	T	G	0.00149812734082397	0.002696629213483146	5	18
2237	0.042846441947565546	6675	C	G	0.019775280898876403	0.007340823970037453	1	49
2238	0.01303370786516854	6675	A	G	0.008838951310861423	0.00044943820224719103	1	3
2239	0.002397003745318352	6675	A	T	0.000749063670411985	0.001348314606741573	1	9
2240	0.008089887640449439	6675	C	T	0.00299625468164794	0.002846441947565543	1	19
2241	0.006591760299625468	6675	T	D	0.0035955056179775282	0.002097378277153558	1	14
2242	0.012284644194756554	6675	G	C	0.0071910112359550565	0.0064419475655430715	1	43
2243	0.003745318352059925	6675	A	D	0.00149812734082397	0.000299625468164794	1	2
2244	0.001647940074906367	6675	A	G	0.001048689138576779	0.001198501872659176	1	8
2245	0.001647940074906367	6675	T	C	0.0008988764044943821	0.001647940074906367	4	11
2246	0.011385767790262171	6675	G	A	0.005543071161048689	0.000599250936329588	2	4
2247	0.006741573033707865	6675	C	D	0.003895131086142322	0.002546816479400749	1	17
2248	0.003745318352059925	6675	A	G	0.001947565543071161	0	0	0
2249	0.003745318352059925	6675	G	D	0.002546816479400749	0.000749063670411985	1	5
2250	0.008689138576779026	6675	C	D	0.004194756554307116	0.000749063670411985	1	5
2251	0.0029967036260113876	6674	A	D	0.0014983518130056938	0.00029967036260113877	4	2
2252	0.0028468684447108183	6674	A	G	0.001198681450404555	0.0008990110878034162	1	6
2253	0.006293077614623914	6674	T	D	0.004195385076415942	0.00029967036260113877	1	2
2254	0.008240934971531316	6674	C	T	0.0034462091699130957	0.00239736290080911	1	16
2255	0.008990110878034162	6674	T	D	0.0074917590650284685	0	0	0
2256	0.0008991458114790948	6673	T	D	0.0002997152704930316	0	0	0
2257	0.004345871422148958	6673	T	D	0.0032968679754233478	0.0002997152704930316	1	2
2258	0.0053948748688745695	6673	T	D	0.0035965832459163793	0.0004495729057395474	1	3
2259	0.005995203836930456	6672	G	D	0.003747002398081535	0.001199040767386091	1	8
2260	0.0013489208633093526	6672	T	D	0.000749400479616307	0.0010491606714628297	2	7
2261	0.001498800959232614	6672	T	C	0.0010491606714628297	0.0013489208633093526	1	9
2262	0.004646282973621103	6672	G	D	0.0017985611510791368	0	0	0
2263	0.005096687153350322	6671	C	D	0.0016489281966721632	0.000449707690001499	3	3
2264	0.008544446110028482	6671	A	D	0.00599610253335332	0.0011992205066706642	1	8
2265	0.007645030730025483	6671	A	G	0.005846199970019487	0.0005996102533353321	2	4
2266	0.012293853073463269	6670	T	G	0.007646176911544228	0.00014992503748125936	1	1
2267	0.00299895036737142	6669	A	C	0.002399160293897136	0.00149947518368571	1	10
2268	0.003298845404108562	6669	T	C	0.002849002849002849	0.001649422702054281	1	11
2269	0.004649767511624419	6667	G	T	0.0019499025048747563	0	0	0
2270	0.0007501875468867217	6665	G	C	0.000450112528132033	0.0012003000750187547	1	8
2271	0.00720504353047133	6662	C	G	0.0021014710297208045	0.003302311618132693	1	22
2272	0.004356316659155776	6657	A	G	0.0016523959741625357	0.0001502178158329578	2	1
2273	0.004206098843322818	6657	G	A	0.0024034850533273247	0.0039056632116569027	3	26
2274	0.02976101007064482	6653	T	D	0.026604539305576432	0.0003006162633398467	1	2
2275	0.00721479032015632	6653	T	D	0.005711709003457087	0.0006012325266796934	1	4
2276	0.0009023913370431644	6649	T	C	0.0004511956685215822	0.0006015942246954429	2	4
2277	0.0009033423667570009	6642	T	C	0.0006022282445046673	0.0009033423667570009	1	6
2278	0.0018181818181818182	6600	T	C	0.0006060606060606061	0.0012121212121212121	1	8
2279	0.015192950470981464	6582	G	C	0.012610148890914616	0.0006077180188392585	1	4
2280	0.00228310502283105	6570	T	D	0.0015220700152207	0.00045662100456621003	1	3
2281	0.0003048780487804878	6560	A	D	0.0003048780487804878	0	0	0
2282	0.0010683760683760685	6552	C	G	0.0006105006105006105	0	0	0
2283	0.00015313935681470137	6530	A	G	0.00015313935681470137	0	0	0
2284	0	6491	C	C	0	0	0	0
2285	0	6455	A	A	0	0	0	0
2286	0	36	A	A	0	0	0	0
2287	0	1	T	T	0	0	0	0
